<?xml version="1.0" encoding="iso-8859-1" ?>
<aiscript name="interrupt.stoporder" priority="90" xmlns:xsi="http://www.w3.org/2001/XMLSchema-instance" xsi:noNamespaceSchemaLocation="aiscripts.xsd">
  <!--  Interrupt handler to Stop a current order, of a player ship
        Author: Adrian
  -->
  <params>
    <param name="prevcommand" default="null" />
    <param name="debugchance" default="0" />
  </params>
  <interrupts>
    <handler ref="TargetInvalidHandler"/>
  </interrupts>
  <attention min="unknown">
    <actions>

      <!-- Clean all the actions -->
      <remove_object_account object="this.ship" transfer="true" />
      <stop_moving object="this.ship" immediate="false" />

      <!-- Return drones -->
      <run_script name="'lib.recall.subordinates'" >
        <param name="timeout" value="-1s" comment="skip the waiting time (does not force them to return)" />
      </run_script>

      <!-- Move to a safe position if neccesary -->
      <get_safe_pos object="this.ship" zone="this.ship.zone" radius="this.ship.size/2" result="$thissafepos" ignored="this.ship" />

      <do_if value="this.ship.distanceto.{$thissafepos} gt this.ship.size/2">
        <!-- Better safe position (in front) -->
        <get_safe_pos object="this.ship" zone="this.ship.zone" radius="this.ship.size/2" result="$safepos" directionobject="this.ship" direction="quadrant.front" ignored="this.ship" />

        <move_to object="this.ship" destination="this.zone" finishonapproach="true" uselocalhighways="false" forceposition="false">
          <position value="$safepos" />
          <interrupt_after_time time="0s" />
        </move_to>

      </do_if>
      <do_else>
        <move_to object="this.ship" destination="this.zone" uselocalhighways="false" forceposition="false" forcerotation="true">
          <position object="this.ship" />
          <rotation pitch="0deg" yaw="this.ship.rotation.yaw" />
          <interrupt_after_time time="0s" />
        </move_to>
      </do_else>

    </actions>
  </attention>
</aiscript>