<?xml version="1.0" encoding="utf-8"?>
<aiscript name="interrupt.inspected" priority="9" xmlns:xsi="http://www.w3.org/2001/XMLSchema-instance" xsi:noNamespaceSchemaLocation="aiscripts.xsd">
  <interrupts>
    <library>
      <handler name="InspectedHandler">
        <conditions>
          <!-- signal sent from order.move.recon -->
          <event_object_signalled object="this.object" param="'halt'"/>
          <check_value value="this.object != player.occupiedship"/>
          <check_value value="not this.object.order or this.object.order.state != orderstate.critical"/>
        </conditions>
        <actions>
          <debug_text text="'%s %s accosted by %s %s %s %s in sector %s.'.[this.ship.knownname, this.ship, event.param3, event.param2.class, event.param2.knownname, event.param2, this.ship.sector.knownname]" chance="$debugchance"/>
          <set_value name="this.$haltedby" exact="event.param2"/>
          <leave_formation object="this.object"/>
          <run_interrupt_script name="'lib.respond.inspected'">
            <param name="inspector" value="event.param2"/>
            <param name="mode" value="event.param3"/>
            <param name="debugchance" value="@$debugchance"/>
          </run_interrupt_script>
        </actions>
      </handler>
    </library>
  </interrupts>
</aiscript>