<?xml version="1.0" encoding="iso-8859-1" ?>
<aiscript name="lib.ammo.configupdate" xmlns:xsi="http://www.w3.org/2001/XMLSchema-instance" xsi:noNamespaceSchemaLocation="aiscripts.xsd" priority="1" version="1">
  <params>

    <param name="configentity" default="null" />
    <param name="incomingware" default="null" />
    <param name="incomingamount" default="0" />
    <param name="debugchance" default="0" />
  </params>
  <attention min="unknown">
    <actions>

      <do_if value="not $configentity">
        <set_value name="$configentity" exact="this"/>
      </do_if>

      <!-- parse config to reduce wanted amounts for one-time orders (player only) -->
      <do_if value="$incomingware and $incomingamount != 0">
        <set_value name="$macro" exact="$incomingware.objectmacro"/>
        <do_if value="$macro">
          <!-- check if automatic re-supply of this type is OFF -->
          <do_if value="$macro.isclass.missile and (not @$configentity.$config_supply_automatic_missiles)">
            <set_value name="$update_config_amounts" exact="true"/>
          </do_if>
          <do_elseif value="$macro.unitcategory == unitcategory.transport and (not @$configentity.$config_supply_automatic_units_trade)">
            <set_value name="$update_config_amounts" exact="true"/>
          </do_elseif>
          <do_elseif value="$macro.unitcategory == unitcategory.defence and (not @$configentity.$config_supply_automatic_units_defence)">
            <set_value name="$update_config_amounts" exact="true"/>
          </do_elseif>
          <do_elseif value="$macro.unitcategory == unitcategory.build and (not @$configentity.$config_supply_automatic_units_build)">
            <set_value name="$update_config_amounts" exact="true"/>
          </do_elseif>
          <do_elseif value="$macro.unitcategory == unitcategory.repair and (not @$configentity.$config_supply_automatic_units_repair)">
            <set_value name="$update_config_amounts" exact="true"/>
          </do_elseif>
          <do_if value="@$update_config_amounts">
            <!-- only update amounts if automatic handling for this type is OFF -->
            <remove_value name="$update_config_amounts"/>
            <set_value name="$macroindex" exact="@$configentity.$config_supply_macros.indexof.{$macro}"/>
            <do_if value="$macroindex gt 0">
              <set_value name="$configentity.$config_supply_amounts.{$macroindex}" exact="$incomingamount" operation="subtract"/>
              <debug_text text="'updating one-time order for %1(%2). %3 items still wanted.'.[$incomingware, $macro, $configentity.$config_supply_amounts.{$macroindex}]" chance="$debugchance"/>
              <do_if value="$configentity.$config_supply_amounts.{$macroindex} le 0">
                <debug_text text="'one-time order for %1(%2) has been fulfilled, removing order'.[$incomingware, $macro]" chance="$debugchance"/>
                <remove_value name="$configentity.$config_supply_macros.{$macroindex}"/>
                <remove_value name="$configentity.$config_supply_amounts.{$macroindex}"/>
              </do_if>
            </do_if>
          </do_if>
        </do_if>
      </do_if>

    </actions>
  </attention>
</aiscript>
