<?xml version="1.0" encoding="utf-8" ?>
<aiscript name="move.buildership" xmlns:xsi="http://www.w3.org/2001/XMLSchema-instance" xsi:noNamespaceSchemaLocation="aiscripts.xsd">
  <!--

  Move to Script
  by Michael
  
  Generic routine for moving to a specific location.

  -->
  <params>
    <param name="destination" comment="zone or station"/>
    <param name="position" default="null" comment="position in zone, unused if destination is a station" />
    <param name="rotation" default="null" comment="rotation in zone, unused if destination is a station" />
    <param name="macro" default="null" comment="macro of object to be built"/>
    <param name="debugchance" default="0"/>
  </params>
  <interrupts>
    <handler ref="TargetInvalidHandler" />
  </interrupts>
  <attention min="unknown">
    <actions>
      <label name="start" />

      <do_if value="$destination.isclass.zone">
        <set_value name="$zone" exact="$destination"/>
      </do_if>
      <do_elseif value="$destination.isclass.station">
        <do_if value="not $destination.buildingmodule">
          <set_value name="$zone" exact="$destination.zone"/>
        </do_if>
      </do_elseif>

      <do_if value="not $zone?">
        <return value="false"/>
      </do_if>

      <label name="movetozone"/>

      <set_command command="command.move" param="$destination" />

      <leave_formation object="this.ship"/>

      <debug_text text="'check if already in correct zone'" chance="$debugchance" />
      <do_if value="this.ship.zone != $zone">
        <debug_text text="'move to correct zone'" chance="$debugchance" />
        <run_script name="'move.generic'">
          <param name="destination" value="$zone"/>
          <param name="endintargetzone" value="true" />
        </run_script>
      </do_if>

      <label name="movetodestination" />

      <do_if value="$destination.isclass.zone">
        <get_building_position name="$buildposition" object="this.ship" macro="$macro" space="$zone">
          <position value="$position" />
          <rotation value="$rotation" />
        </get_building_position>
        <set_value name="$lookatpos" exact="$position"/>
      </do_if>
      <do_elseif value="$destination.isclass.station">
        <get_building_position name="$buildposition" object="this.ship" construction="$destination" />
        <set_value name="$stationpos" exact="$destination.position"/>
        <set_value name="$lookatpos" exact="position.[$stationpos.x, $buildposition.y, $stationpos.z]"/>
      </do_elseif>

      <get_safe_pos result="$safepos" value="$buildposition" radius="this.ship.size" zone="$zone"/>

      <create_orientation name="$buildrotation" orientation="look_at" refposition="$lookatpos">
        <position value="$safepos" />
      </create_orientation>
      <set_value name="$buildrotation" exact="rotation.[$buildrotation.yaw, 0, 0]"/>
      <move_to object="this.ship" destination="$zone" forcerotation="true" abortpath="true">
        <position value="$safepos" />
        <rotation value="$buildrotation"/>
      </move_to>

      <do_if value="this.ship.distanceto.{$safepos}" min="1km">
        <debug_text text="this.ship + ' ' + this.ship.knownname + ' is ' + this.ship.distanceto.{$safepos} + ' away from its destionation. Should be closer [Owen]'" chance="$debugchance" />
      </do_if>

      <do_if value="$destination.isclass.zone">
        <check_is_build_location_free name="$buildpos_free" zone="$zone" macro="$macro" excluded="this.ship">
          <position value="$position" />
          <rotation value="$rotation" />
        </check_is_build_location_free>
        <do_if value="not $buildpos_free">
          <debug_text text="'Build location taken'" chance="$debugchance" />
          <signal_objects object="this.ship" param="'move.buildership'" param2="false"/>
        </do_if>
        <do_else>
          <debug_text text="'Successfully reached build location'" chance="$debugchance" />
          <signal_objects object="this.ship" param="'move.buildership'" param2="true"/>
        </do_else>
      </do_if>
      <do_elseif value="$destination.isclass.station">
        <do_if value="$destination.buildingmodule">
          <debug_text text="'Station already has a building module'" chance="$debugchance" />
          <signal_objects object="this.ship" param="'move.buildership'" param2="false"/>
        </do_if>
        <do_else>
          <debug_text text="'Successfully reached station'" chance="$debugchance" />
          <signal_objects object="this.ship" param="'move.buildership'" param2="true"/>
        </do_else>
      </do_elseif>
    </actions>
  </attention>
  <on_abort>
    <!--Ship was aborted-->
    <debug_text text="'aborting move.buildership'" chance="$debugchance" />
    <signal_objects object="this.ship" param="'move.buildership'" param2="false"/>
  </on_abort>
</aiscript>
