<?xml version="1.0" encoding="iso-8859-1" ?>
<aiscript name="move.autopilot" xmlns:xsi="http://www.w3.org/2001/XMLSchema-instance" xsi:noNamespaceSchemaLocation="aiscripts.xsd">
  <params>
    <param name="target" />
    <param name="ship" default="this.ship" />
    <param name="targetpos" default="position.[0, 0, 0]" />
    <param name="isguidance" default="false" />
  </params>
  <interrupts>
    <handler>
      <conditions>
        <check_all>
          <check_any>
            <event_object_signalled object="this" param="'guidance_updated'" />
            <event_object_signalled object="this" param="'guidance_ended'" />
          </check_any>
          <check_value value="@$isguidance" />
        </check_all>
      </conditions>
      <actions>
        <do_if value="event.param == 'guidance_updated'">
          <debug_text text="'guidance updated'" chance="$debugchance" />
          <set_value name="$target" exact="event.param2" />
          <abort_called_scripts resume="start" />
        </do_if>
        <do_else>
          <debug_text text="'guidance ended, stopping autopilot'" chance="$debugchance" />
          <abort_called_scripts resume="end" />
        </do_else>
      </actions>
    </handler>
    <handler>
      <conditions>
        <event_object_target_invalid object="this.ship"/>
      </conditions>
      <actions>
        <!-- TODO @nick: have Betty say this line when the line is recorded. -->
        <show_notification text="{10002, 925}" comment="Target is invalid. Deactivating autopilot."/>
        <debug_text text="'target invalid. deactivating autopilot.'" chance="$debugchance"/>
        <abort_called_scripts resume="end"/>
      </actions>
    </handler>
    <handler>
      <conditions>
        <event_player_stopped_control/>
      </conditions>
      <actions>
        <!-- TODO @nick: have Betty say this line when the line is recorded. -->
        <show_notification text="{10002, 921}" comment="Autopilot Disengaged"/>
        <debug_text text="'player stopped control. deactivating autopilot.'" chance="$debugchance"/>
        <abort_called_scripts resume="end"/>
      </actions>
    </handler>
    <handler ref="SectorChangeHandler"/>
  </interrupts>
  <attention min="visible">
    <actions>

      <label name="start" />

      <set_value name="$debugchance" exact="0" />

      <!-- <set_flight_control_model object="$ship" flightcontrolmodel="flightcontrolmodel.steering" /> -->

      <do_if value="$ship.dock">
        <!-- TODO @nick: have Betty say this line when the line is recorded. -->
        <show_notification text="{10002, 923}" comment="This ship is docked. Unable to activate autopilot."/>
        <debug_text text="'ship is docked. cannot activate autopilot.'" chance="$debugchance"/>
        <resume label="end"/>
      </do_if>

      <do_if value="$ship.pilot != player.entity">
        <!-- TODO @nick: have Betty say this line when the line is recorded. -->
        <show_notification text="{10002, 924}" comment="You are not piloting this ship. Unable to activate autopilot."/>
        <debug_text text="'player is not the pilot. unable to activate autopilot.'" chance="$debugchance"/>
        <resume label="end"/>
      </do_if>

      <do_if value="$target.isclass.zone or $target.isclass.sector">
        <debug_text text="'autopilot activated, flying to %1 (pos: %2, isguidance: %3)'.[$target.knownname, $targetpos, $isguidance]" chance="$debugchance" />
      </do_if>
      <do_else>
        <debug_text text="'autopilot activated, flying to %1 in %2 (pos: %3, isguidance: %4)'.[$target.knownname, @$target.zone.knownname, $targetpos, $isguidance]" chance="$debugchance" />
      </do_else>

      <!-- Set the command -->
      <do_if value="$target.isclass.ship">
        <debug_text text="'follow ship'" chance="$debugchance" />
        <set_command command="command.follow" param="$target" />
      </do_if>
      <do_elseif value="$target.isclass.zone">
        <debug_text text="'fly to zone'" chance="$debugchance" />
        <set_command command="command.movetozone" param="$target" />
      </do_elseif>
      <do_else>
        <debug_text text="'fly to sector or object'" chance="$debugchance" />
        <set_command command="command.move" param="$target" />
      </do_else>

      <!-- Subposition calculations -->

      <do_if value="$target.isclass.dockingbay">
        <set_value name="$subtargetpos" exact="$target.todockpos" />
        <set_value name="$targetpos" exact="$subtargetpos" />
      </do_if>
      <do_elseif value="$target.isclass.walkablemodule">
        <set_value name="$subtargetpos" exact="$target.entrypos" />
        <set_value name="$targetpos" exact="$subtargetpos" />
      </do_elseif>

      <label name="loop" />

      <!-- Autopilot loop, while target is operational -->
      <do_while value="$target.isoperational">
        <debug_text text="'target = %1 %2 [%3], zone = %4 [%5]'.[$target.class, $target.knownname, $target, @$target.zone.knownname, @$target.zone]" chance="$debugchance"/>

        <set_value name="$tooclose" exact="false" />
        <set_value name="$forcesteering" exact="false" />
        <do_if value="$target.isclass.ship">
          <do_if value="($target.zone == $ship.zone) or (($ship.distanceto.{$target} lt 25km) and (not $target.zone.isclass.highway))">
            <set_value name="$forcesteering" exact="true" />
          </do_if>
          <do_elseif value="$ship.zone.isclass.highway">
            <do_if value="$target.zone.distanceto.{$ship.zone.destination} lt 25km">
              <set_value name="$forcesteering" exact="true" />
            </do_if>
          </do_elseif>
        </do_if>
        <set_value name="$interrupted" exact="true" />
        <do_if value="$forcesteering">
          <set_value name="$targetrot" exact="rotation.[0,0,0]" />
        </do_if>
        <do_elseif value="$target.isclass.highway">
          <set_value name="$targetpos" exact="$target.closestpointtoplayer" />
          <set_value name="$targetrot" exact="rotation.[0,0,0]" />
        </do_elseif>
        <do_elseif value="$target.isclass.zone">
          <set_value name="$targetrot" exact="rotation.[0,0,0]" />
          <get_safe_pos result="$targetpos" zone="$target" radius="$ship.size" value="$targetpos" object="$target"/>
        </do_elseif>
        <do_elseif value="$target.isclass.sector">
          <set_value name="$targetrot" exact="rotation.[0,0,0]" />
          <get_safe_pos result="$targetpos" sector="$target" radius="$ship.size" value="$targetpos" object="$target"/>
        </do_elseif>
        <do_elseif value="$target.isclass.gate">
          <get_gate_approach_pos ship="$ship" gate="$target" position="$targetpos" rotation="$targetrot" />
        </do_elseif>
        <do_else>
          <set_value name="$targetrot" exact="rotation.[0,0,0]" />
          <do_if value="not $target.isclass.object">
            <set_value name="$maintarget" exact="$target.container" />
            <do_if value="$maintarget.exists">
              <do_if value="$ship.distanceto.{$maintarget} lt ($maintarget.size / 2.f) ">
                <set_value name="$tooclose" exact="true" />
              </do_if>
            </do_if>
          </do_if>
          <do_if value="not @$tooclose">
            <get_safe_pos result="$targetpos" zone="$target.zone" radius="$ship.size * 2.f" object="$target" value="$targetpos" directionobject="$ship" ignored="$ship" />
            <create_orientation name="$targetrot" orientation="look_at" refobject="$target" >
              <position value="$targetpos" />
            </create_orientation>
            <create_position name="$targetpos" object="$target.zone" space="$target" value="$targetpos" />
            <debug_text text="'getting safepos. new pos: ' + $targetpos" chance="$debugchance"/>
          </do_if>
        </do_else>

        <do_if value="not $forcesteering and not $ship.zone.isclass.highway">
          <set_flight_control_model object="$ship" flightcontrolmodel="flightcontrolmodel.spline" />
        </do_if>

        <do_if value="not @$tooclose">
          <debug_text text="'moving to %s rel to %s %s %s %s'.[$targetpos, $target.class, @$target.idcode, $target.knownname, $target]" chance="$debugchance"/>
          <do_if value="not $ship.iscapitalship">
            <get_global_path component="$pathcomponents" uselocalhighways="true" multiple="true">
              <start object="$ship"/>
              <end object="$target"/>
            </get_global_path>
          </do_if>
          <do_else>
            <get_global_path component="$pathcomponents" uselocalhighways="false" multiple="true">
              <start object="$ship"/>
              <end object="$target"/>
            </get_global_path>
          </do_else>
          <set_value name="$pathsectors" exact="[]"/>
          <do_all exact="$pathcomponents.count" counter="$i">
            <do_if value="$pathcomponents.{$i}.sector.exists and not $pathsectors.indexof.{$pathcomponents.{$i}.sector}">
              <append_to_list name="$pathsectors" exact="$pathcomponents.{$i}.sector"/>
              <debug_text text="'adding %s %s to pathsectors. index: %s'.[$pathcomponents.{$i}.sector.class, $pathcomponents.{$i}.sector.knownname, $i]" chance="$debugchance"/>
            </do_if>
          </do_all>
          <move_to object="$ship" destination="$target" uselocalhighways="not $ship.iscapitalship" abortpath="true" flightbehaviour="flightbehaviour.playerautopilot2" forcesteering="$forcesteering" finishonapproach="false" forceposition="false" travel="true">
            <position value="$targetpos" />
            <rotation value="$targetrot" comment="rotation node is important, otherwise the internal targetoffset will have an incorrect rotation" />
            <interrupt>
              <conditions>
                <check_any>
                  <event_object_changed_zone object="$target" />
                  <event_object_destroyed object="$target" />
                  <event_object_docked object="$target" />
                  <check_all>
                    <event_object_approaching_waypoint object="$ship" />
                    <check_value value="not $target.isclass.ship" />
                    <check_value value="not $target.isclass.highway" />
                  </check_all>
                </check_any>
              </conditions>
              <actions>
                <debug_text text="'%s: object: %s %s %s %s, param = %s, param2 = %s'.[event.name, event.object.class, event.object.idcode, event.object.knownname, event.object, event.param, event.param2]" chance="$debugchance"/>
                <do_if value="event.name == 'event_object_changed_zone'">
                  <set_value name="$interrupted" exact="false" />
                </do_if>
              </actions>
            </interrupt>
          </move_to>
        </do_if>

        <do_if value="$interrupted">
          <!-- the move_to finished, exit gracefully -->
          <do_if value="not $target.isclass.object and not $target.isclass.highway and $subtargetpos?">
            <!-- target is a subcomponent -->
            <debug_text text="'move to subcomponent'" chance="$debugchance" />
            <move_to uselocalhighways="not $ship.iscapitalship" object="$ship" destination="$target" abortpath="true" flightbehaviour="flightbehaviour.playerautopilot2" forcesteering="$forcesteering" finishonapproach="false" forceposition="false" >
              <position value="$subtargetpos" />
              <rotation yaw="0deg" comment="rotation node is important, otherwise the internal targetoffset will have an incorrect rotation" />
              <interrupt>
                <conditions>
                  <event_object_destroyed object="$target" />
                </conditions>
              </interrupt>
            </move_to>
          </do_if>
          <do_elseif value="$target.isclass.gate">
            <!-- target is a jumpgate -->
            <debug_text text="'move to gate'" chance="$debugchance" />
            <do_if value="$ship.cluster != $target.destination.cluster">
              <move_gate object="$ship" gate="$target" abortpath="true" >
                <interrupt>
                  <conditions>
                    <event_object_changed_cluster object="$ship" />
                  </conditions>
                  <actions>
                    <debug_text text="'just changed from cluster %1 to cluster %2 (moved through gate)'.[event.param2.knownname, event.param.knownname]" chance="$debugchance" />
                  </actions>
                </interrupt>
              </move_gate>
            </do_if>
            <do_else>
              <debug_text text="'already there, skipping move_to'" chance="$debugchance" />
            </do_else>
          </do_elseif>
          <break />
        </do_if>
      </do_while>

      <label name="end" />

      <do_if value="$target.isclass.highway">
        <!-- when using autopilot to enter a highway we want the throttle set to max speed -->
        <set_playership_throttle value="1" />
      </do_if>
      <do_elseif value="$subtargetpos?">
        <!-- when using autopilot to fly to a sub-component, we want the throttle to make us stop flying -->
        <set_playership_throttle value="0" />
      </do_elseif>

      <debug_text text="'arrived / target docked'" chance="$debugchance" />

      <stop_boost object="$ship" />
      <do_if value="player.activity == activity.travel">
        <set_player_activity activity="activity.none" />
      </do_if>
      <stop_player_autopilot />
      <set_playership_throttle value="0" />
      <set_to_default_flight_control_model object="$ship"/>

    </actions>
  </attention>
</aiscript>
