<?xml version="1.0" encoding="utf-8"?>
<aiscript name="order.collect.ship.deployable" xmlns:xsi="http://www.w3.org/2001/XMLSchema-instance" xsi:noNamespaceSchemaLocation="aiscripts.xsd">
  <order id="CollectDeployables" name="{1041, 691}" description="{1041, 692}" category="trade">
    <params>
      <param name="targetlist" default="[]" type="list" text="{1041, 10079}" comment="Objects to collect. list of targets to collect.">
        <input_param name="type" value="'object'"/>
        <input_param name="isdeployable" value="true"/>
        <input_param name="class" value="[class.navbeacon, class.satellite, class.resourceprobe, class.ship]" comment="only needed to exclude mines"/>
        <input_param name="owner" value="this.ship.trueowner"/>
      </param>
      <param name="debugchance" type="bool" default="0" advanced="true" text="{1041, 10086}" comment="Print debug output">
        <input_param name="truevalue" value="100"/>
      </param>
    </params>
    <requires>
      <match shiptype="shiptype.lasertower" negate="true"/>
    </requires>
    <location condition="$targetlist and $targetlist.count and $targetlist.{1}.exists" object="$targetlist.{1}" additionalobjects="$targetlist"/>
  </order>
  <attention min="unknown">
    <actions>
      <run_script name="'order.collect.ship'">
        <param name="targetlist" value="$targetlist"/>
        <param name="debugchance" value="$debugchance"/>
      </run_script>
    </actions>
  </attention>
</aiscript>