<?xml version="1.0" encoding="utf-8" ?>
<aiscript name="order.mining.routine.expert" xmlns:xsi="http://www.w3.org/2001/XMLSchema-instance" xsi:noNamespaceSchemaLocation="aiscripts.xsd" version="1">
  <order id="MiningRoutine_Expert" name="{1041, 601}" description="{1041, 602}" category="mining">
    <params>
      <param name="warebasket" required="true" default="this.ship.warebasket.list" type="list" text="{1041, 10146}" comment="Wares. List of resources that we will supply.">
        <input_param name="type" value="'ware'"/>
        <input_param name="cancarry" value="this.ship"/>
      </param>
      <param name="range" default="if @this.ship.commanderentity.$config_subordinate_range then @this.ship.commanderentity.$config_subordinate_range 
             else (if @this.ship.commander.isclass.[class.station, class.buildstorage] then this.ship.commander.sector else (if this.ship.jobmainzone then this.ship.jobmainzone.sector else this.sector))" type="object" text="{1041, 10005}" comment="Anchor space">
        <input_param name="class" value="[class.cluster, class.sector]"/>
      </param>
      <param name="minbuy" default="0" type="number" text="{1041, 10067}" comment="Min gate distance to gather resources. Gathering range supported if $minsell and $maxsell are provided">
        <input_param name="startvalue" value="0"/>
        <input_param name="min" value="0"/>
        <input_param name="max" value="[[@this.ship.commander.tradenpc.skill.management, @this.ship.pilot.skill.piloting].max - 1, 0].max"/>
        <input_param name="step" value="1"/>
      </param>
      <param name="maxbuy" default="[@this.ship.commander.tradenpc.skill.management, @this.ship.pilot.skill.piloting].max" type="number" text="{1041, 10056}" comment="Max gate distance to gather resources. Gathering range supported if $minsell and $maxsell are provided">
        <input_param name="startvalue" value="0"/>
        <input_param name="min" value="0"/>
        <input_param name="max" value="[@this.ship.commander.tradenpc.skill.management, @this.ship.pilot.skill.piloting].max"/>
        <input_param name="step" value="1"/>
      </param>
      <param name="minsell" default="0" type="number" text="{1041, 10069}" comment="Min gate distance to sell resources. Sell range supported if $minsell and $maxsell are provided">
        <input_param name="startvalue" value="0"/>
        <input_param name="min" value="0"/>
        <input_param name="max" value="[[@this.ship.commander.tradenpc.skill.management, @this.ship.pilot.skill.piloting].max - 1, 0].max"/>
        <input_param name="step" value="1"/>
      </param>
      <param name="maxsell" default="[@this.ship.commander.tradenpc.skill.management, @this.ship.pilot.skill.piloting].max" type="number" text="{1041, 10058}" comment="Max gate distance to sell resources. Sell range supported if $minsell and $maxsell are provided">
        <input_param name="startvalue" value="0"/>
        <input_param name="min" value="0"/>
        <input_param name="max" value="[@this.ship.commander.tradenpc.skill.management, @this.ship.pilot.skill.piloting].max"/>
        <input_param name="step" value="1"/>
      </param>

      <param name="duration" default="0s" type="time" infinitevalue="0s" advanced="true" text="{1041, 10034}" comment="Duration">
        <input_param name="startvalue" value="0s"/>
        <input_param name="min" value="0s"/>
        <input_param name="max" value="24h"/>
        <input_param name="step" value="1min"/>
        <patch value="0s" sinceversion="1"/>
      </param>
      <param name="debugchance" type="bool" default="0" advanced="true" text="{1041, 10086}" comment="Print debug output">
        <input_param name="truevalue" value="100"/>
      </param>
      <param name="debugchance2" type="bool" default="0" advanced="true" text="{1041, 10142}" comment="Verbose debug output">
        <input_param name="truevalue" value="100"/>
      </param>
    </params>
    <skill min="80"/>
    <requires primarypurpose="purpose.mine"/>
  </order>
  <attention min="unknown">
    <actions>
      <run_script name="'order.mining.routine'">
        <param name="warebasket" value="$warebasket"/>
        <param name="range" value="$range"/>
        <param name="minbuy" value="$minbuy"/>
        <param name="maxbuy" value="$maxbuy"/>
        <param name="minsell" value="$minsell"/>
        <param name="maxsell" value="$maxsell"/>
        <param name="effectiveskill" value="100"/>
        <param name="duration" value="$duration"/>
        <param name="debugchance" value="$debugchance"/>
        <param name="debugchance2" value="$debugchance2"/>
      </run_script>
    </actions>
  </attention>
</aiscript>