<?xml version="1.0" encoding="iso-8859-1" ?>
<aiscript name="trade.station" xmlns:xsi="http://www.w3.org/2001/XMLSchema-instance" xsi:noNamespaceSchemaLocation="aiscripts.xsd" version="6">
  <!--
  This script allows stations to trade with other stations
  in the same zone using the masstraffic network.
  The current station tries to buy from other stations.
  by Benedikt
  -->
  <params>
    <param name="debugchance" default="0"/>
  </params>
  <interrupts>
    <library>
      <actions name="CleanupBuilds">
        <do_all exact="$builds.keys.count" counter="$i" reverse="true">
          <do_if value="not $builds.keys.{$i}.exists">
            <debug_text text="'build %s no longer exists. cleaning up.'.[$builds.keys.{$i}]" chance="$debugchance"/>
            <remove_value name="$builds.{$builds.keys.{$i}}"/>
          </do_if>
        </do_all>
        <debug_text text="'num remaining builds: ' + $builds.keys.count" chance="$debugchance"/>
      </actions>
      <actions name="RecordShortages">
        <do_all exact="@$loctable_shortage.keys.count" counter="$i">
          <set_value name="$int_locware" exact="$loctable_shortage.keys.{$i}"/>
          <debug_text text="'shortage. ware: %s, duration: %s, over threshold: %s'.[$int_locware, $loctable_shortage.{$int_locware}, $loctable_shortage.{$int_locware} ge $problemthreshold]" chance="0"/>
          <do_if value="not $table_problemresources.{$int_locware}? and ($loctable_shortage.{$int_locware} ge $problemthreshold)">
            <set_value name="$table_problemresources.{$int_locware}" exact="player.age - $loctable_shortage.{$int_locware}"/>
          </do_if>
          <remove_value name="$int_locware"/>
        </do_all>
        <do_all exact="@$loctable_insufficient.keys.count" counter="$i">
          <set_value name="$int_locware" exact="$loctable_insufficient.keys.{$i}"/>
          <debug_text text="'insufficiency. ware: %s, duration: %s, over threshold: %s'.[$int_locware, $loctable_insufficient.{$int_locware}, $loctable_insufficient.{$int_locware} ge $problemthreshold]" chance="0"/>
          <do_if value="$loctable_insufficient.{$int_locware} ge $problemthreshold">
            <do_if value="not $table_problemresources.{$int_locware}?">
              <set_value name="$table_problemresources.{$int_locware}" exact="player.age - $loctable_insufficient.{$int_locware}"/>
            </do_if>
            <do_if value="not $list_criticalresources.indexof.{$int_locware}">
              <append_to_list name="$list_criticalresources" exact="$int_locware"/>
            </do_if>
          </do_if>
          <remove_value name="$int_locware"/>
        </do_all>
      </actions>
    </library>
    <handler comment="Money Updates (player stations)">
      <conditions>
        <event_object_money_updated object="this.station"/>
        <check_value value="this.station.isplayerowned" />
      </conditions>
      <actions>
        <debug_text text="'event_object_money_updated: %s %s %s. %sCr changed to %sCr'.[@this.assignedcontrolled.idcode, @this.assignedcontrolled.knownname, this.assignedcontrolled, event.param.formatted.default, event.param2.formatted.default]" chance="0"/>
        <do_if value="not @$belowbudget and (this.station.productionmoney gt 0) and (event.param2 lt this.station.productionmoney)">
          <debug_text text="'money below productionmoney. Money: ' + event.param2 + ' productionmoney: ' + this.station.productionmoney" chance="$debugchance"/>
          <set_value name="$belowbudget" exact="true" />
          <do_if value="player.age" min="@$nextbudgetwarning">
            <set_value name="$nextbudgetwarning" exact="player.age + 10min" />
            <!-- INTERACTION: station is below budget (logbook entry added in player.interaction.budget) -->
            <run_interrupt_script name="'player.interaction.budget'"/>
          </do_if>
        </do_if>
        <do_else>
          <remove_value name="$belowbudget" />
        </do_else>
      </actions>
    </handler>
    <handler>
      <conditions>
        <check_any>
          <event_trade_completed buyer="this.station"/>
          <event_trade_completed seller="this.station"/>
        </check_any>
      </conditions>
      <actions>
        <do_if value="event.param.seller == this.station">
          <set_value name="$tradequality" exact="event.param.relativeprice"/>
          <set_value name="$XP_factor" exact="[(event.param.transferredamount)f / ([this.station.cargo.{event.param.ware}.count + event.param.transferredamount, 1].max)f, 1.0].min"/>
          <debug_text text="'Selling. XP factor: %s, transferred amount: %s, desired amount: %s, trade quality: %s'.[$XP_factor, event.param.transferredamount, this.station.cargo.{event.param.ware}.count - event.param.transferredamount, $tradequality]" chance="$debugchance"/>
        </do_if>
        <do_else>
          <set_value name="$tradequality" exact="-event.param.relativeprice"/>
          <set_value name="$XP_factor" exact="[(event.param.transferredamount)f / ([this.station.cargo.{event.param.ware}.target - this.station.cargo.{event.param.ware}.count, 1].max)f, 1.0].min"/>
          <debug_text text="'Buying. XP factor: %s, transferred amount: %s, desired amount: %s, trade quality: %s'.[$XP_factor, event.param.transferredamount, this.station.cargo.{event.param.ware}.target - this.station.cargo.{event.param.ware}.count, $tradequality]" chance="$debugchance"/>
        </do_else>

        <do_if value="$tradequality gt 0.5">
          <set_value name="$XP_category" exact="'station_trade_good'"/>
        </do_if>
        <do_elseif value="$tradequality lt -0.5">
          <set_value name="$XP_category" exact="'station_trade_bad'"/>
        </do_elseif>
        <do_else>
          <set_value name="$XP_category" exact="'station_trade_normal'"/>
        </do_else>

        <apply_experience entity="this" experience="$XP_category" factor="$XP_factor"/>

        <remove_value name="$XP_category"/>
        <remove_value name="$XP_factor"/>
        <remove_value name="$tradequality"/>
      </actions>
    </handler>
    <handler>
      <conditions>
        <event_build_added object="this.station"/>
        <check_value value="event.param.isshipbuild or event.param.isshipmodification"/>
      </conditions>
      <actions>
        <debug_text text="'build added. building: %s. start time: %s'.[event.param.buildobject, player.age]" chance="$debugchance"/>
        <set_value name="$builds.{event.param}" exact="table[ $time_added = player.age, $isupgrade = event.param.isshipmodification ]"/>
      </actions>
    </handler>
    <handler>
      <conditions>
        <event_build_started object="this.station"/>
        <check_value value="event.param.container == this.station and event.param3 and $builds.{event.param3}"/>
      </conditions>
      <actions>
        <debug_text text="'build started. building: %s. total time: %s'.[event.param3.buildobject, event.param.totaltime]" chance="$debugchance"/>
        <set_value name="$builds.{event.param3}.$totaltime" exact="event.param.totaltime"/>
      </actions>
    </handler>
    <handler>
      <conditions>
        <event_build_cancelled object="this.station"/>
        <check_value value="event.param.container == this.station and event.param3 and $builds.{event.param3}"/>
      </conditions>
      <actions>
        <debug_text text="'build cancelled. building: %s. cleaning up.'.[event.param3.buildobject]" chance="$debugchance"/>
        <remove_value name="$builds.{event.param3}"/>

        <include_interrupt_actions ref="CleanupBuilds"/>
      </actions>
    </handler>
    <handler>
      <conditions>
        <event_build_finished object="this.station"/>
        <check_value value="event.param.container == this.station and event.param3 and $builds.{event.param3}"/>
        <!--Creative Solution aka HACK by Owen. Construct a list of the finished builds in the condition itself.
        Multiple builds can finish in a frame. This previously lead to the first build being processed and the following ones being cleaned up in the 'CleanupBuilds' actions.
        Now, all of the finished builds will be processed in one batch and following hander actions will do nothing.-->
        <check_any>
          <check_value value="$finishedbuilds?"/>
          <set_value name="$finishedbuilds" exact="[]"/>
        </check_any>
        <set_value name="$finishedbuilds.{$finishedbuilds.count + 1}" operation="insert" exact="event.param3"/>
      </conditions>
      <actions>
        <!--$finishedbuilds may not exist if there were multiple handlers in this frame-->
        <do_if value="$finishedbuilds?">
          <do_all exact="$finishedbuilds.count" counter="$build_i">
            <!-- NB: there's a delay between a build finishing and this handler moving so best if it could work without the build having to exist. -->
            <set_value name="$build" exact="$finishedbuilds.{$build_i}"/>
            <set_value name="$buildduration" exact="player.age - $builds.{$build}.$time_added"/>
            <set_value name="$buildefficiency" exact="[$builds.{$build}.$totaltime / [$buildduration, 1s].max, 1.0].min"/>

            <do_if value="$builds.{$build}.$isupgrade">
              <set_value name="$XP_category" exact="'station_build_shipupgraded'"/>
            </do_if>
            <do_else>
              <set_value name="$XP_category" exact="'station_build_shipbuilt'"/>
            </do_else>
            <debug_text text="'build XP. object built: %s %s. XP category: %s\nelapsed time: %s. efficiency: %s. start time: %s. optimal time: %s.'.[@$build.buildobject.knownname, @$build.buildobject, $XP_category, $buildduration, $buildefficiency, $builds.{$build}.$time_added, $builds.{$build}.$totaltime]" chance="$debugchance"/>

            <apply_experience entity="this" experience="$XP_category" factor="$buildefficiency"/>

            <remove_value name="$builds.{$build}"/>
          </do_all>

          <include_interrupt_actions ref="CleanupBuilds"/>

          <remove_value name="$XP_category"/>
          <remove_value name="$buildefficiency"/>
          <remove_value name="$buildduration"/>
          <remove_value name="$build"/>
          <remove_value name="$finishedbuilds"/>
        </do_if>
      </actions>
    </handler>
  </interrupts>
  <init>
    <set_value name="$builds" exact="table[]"/>
    <set_value name="$needsmineables" exact="false"/>

    <set_value name="$table_problemresources" exact="table[]" comment="resources we are running short on. stuff we need to keep an eye on."/>
    <set_value name="$list_criticalresources" exact="[]" comment="resources preventing production. stuff we need more of."/>
    <set_value name="$problemthreshold" exact="5h"/>
    <set_value name="$table_temptradewares" exact="table[]"/>

    <set_command command="command.freetrade" />
  </init>
  <patch sinceversion="1" early="true">
    <!-- clean up any ware reservation that might exist, this is now handled internally by execute_trade for non-order-based trades -->
    <remove_ware_reservation reserver="this.station" object="this.station" />
    <do_if value="$finalselloffer?">
      <set_value name="$finalbuyoffer" exact="$finalselloffer"/>
      <remove_value name="$finalselloffer"/>
    </do_if>
    <do_if value="$buyoffer?">
      <set_value name="$selloffer" exact="$buyoffer"/>
      <remove_value name="$buyoffer"/>
    </do_if>
    <do_if value="$unbundle?">
      <remove_value name="$unbundle" />
    </do_if>
  </patch>
  <patch sinceversion="2">
    <set_value name="$needsmineables" exact="false"/>
    <do_if value="this.station.resources.count">
      <set_value name="$locresources" exact="this.station.resources.list"/>
      <do_all exact="$locresources.count" counter="$i">
        <do_if value="$locresources.{$i}.tags.indexof.{tag.minable}">
          <set_value name="$needsmineables" exact="true"/>
          <break/>
        </do_if>
      </do_all>
      <remove_value name="$locresources"/>

      <do_if value="$needsmineables">
        <do_all exact="this.station.subordinates.count" counter="$i">
          <set_value name="$locsubordinate" exact="this.station.subordinates.{$i}"/>
          <do_if value="($locsubordinate.primarypurpose == purpose.mine) and $locsubordinate.defaultorder and ($locsubordinate.defaultorder.id != 'MiningRoutine')">
            <debug_text text="'reassigning %s %s %s to mine.'.[@$locsubordinate.idcode, @$locsubordinate.knownname, $locsubordinate]" chance="$debugchance"/>
            <create_order id="'AssignCommander'" object="$locsubordinate" immediate="true">
              <param name="commander" value="this.station"/>
              <param name="assignment" value="assignment.mining"/>
              <param name="debugchance" value="$debugchance"/>
            </create_order>
          </do_if>
          <remove_value name="$locsubordinate"/>
        </do_all>
      </do_if>
    </do_if>
  </patch>
  <patch sinceversion="3">
    <remove_value name="$cannottrade"/>
  </patch>
  <patch sinceversion="4">
    <set_value name="$table_problemresources" exact="table[]"/>
    <set_value name="$list_criticalresources" exact="[]"/>
    <set_value name="$problemthreshold" exact="5h"/>
    <set_value name="$table_temptradewares" exact="table[]"/>
  </patch>
  <patch sinceversion="5">
    <do_if value="this.$lookingfortrades?">
      <do_all exact="this.assignedcontrolled.subordinates.count" counter="$_i">
        <set_value name="$locsub" exact="this.assignedcontrolled.subordinates.{$_i}"/>
        <do_if value="@$locsub.idcode == this.$lookingfortrades">
          <set_value name="$locfound"/>
          <break/>
        </do_if>
      </do_all>
      <do_if value="not $locfound?">
        <debug_text text="'PATCH: %s is no longer our subordinate. clearing blackboard variable.'.[this.$lookingfortrades]" filter="savegame"/>
        <remove_value name="this.$lookingfortrades"/>
      </do_if>
      <remove_value name="$locfound"/>
      <remove_value name="$locsub"/>
    </do_if>
  </patch>
  <patch sinceversion="6">
    <do_if value="this.$lookingfortrades?">
      <do_all exact="this.assignedcontrolled.subordinates.count" counter="$_i">
        <set_value name="$locsub" exact="this.assignedcontrolled.subordinates.{$_i}"/>
        <do_if value="@$locsub.idcode == this.$lookingfortrades">
          <do_if value="this.assignedcontrolled.defencenpc">
            <set_value name="this.assignedcontrolled.defencenpc.$lookingfortrades" exact="$locsub"/>
            <debug_text text="'PATCH: transferring $lookingfortrades to defence computer. now %s %s %s.'.[@this.assignedcontrolled.defencenpc.$lookingfortrades.idcode, @this.assignedcontrolled.defencenpc.$lookingfortrades.knownname, this.assignedcontrolled.defencenpc.$lookingfortrades]" filter="savegame"/>
          </do_if>
          <remove_value name="this.$lookingfortrades"/>
          <break/>
        </do_if>
      </do_all>
      <remove_value name="$locsub"/>
    </do_if>
  </patch>
  <attention min="unknown">
    <actions>

      <label name="init"/>

      <set_value name="$waitduration" min="2min" max="4min"/>

      <label name="loop"/>

      <do_if value="this.assignedcontrolled.defencenpc.$lookingfortrades?">
        <do_if value="not @this.assignedcontrolled.subordinates.indexof.{this.assignedcontrolled.defencenpc.$lookingfortrades}">
          <debug_text text="'ship looking for trades: %s %s %s is not a subordinate of this station: %s %s %s. clearing.\n current commander: %s %s %s'.[@this.assignedcontrolled.defencenpc.$lookingfortrades.idcode, @this.assignedcontrolled.defencenpc.$lookingfortrades.knownname, this.assignedcontrolled.defencenpc.$lookingfortrades, @this.assignedcontrolled.idcode, @this.assignedcontrolled.knownname, @this.assignedcontrolled, @this.assignedcontrolled.defencenpc.$lookingfortrades.commander.idcode, @this.assignedcontrolled.defencenpc.$lookingfortrades.commander.knownname, @this.assignedcontrolled.defencenpc.$lookingfortrades.commander]" chance="$debugchance"/>
          <remove_value name="this.assignedcontrolled.defencenpc.$lookingfortrades"/>
        </do_if>
      </do_if>

      <set_value name="$resources" exact="this.station.resources.list"/>

      <do_if value="$resources.count">
        <set_value name="$locneededmineables" exact="$needsmineables"/>
        <set_value name="$needsmineables" exact="false"/>

        <do_all exact="$resources.count" counter="$i">
          <set_value name="$locware" exact="$resources.{$i}"/>
          <do_if value="$locware.tags.indexof.{tag.minable}">
            <set_value name="$needsmineables" exact="true"/>
            <break/>
          </do_if>
        </do_all>

        <!-- if we need mineables, assign any subordinate mining ships to mine for us.
              if we needed mineables but no longer do so, reassign ship but with the same assignment. lib.request.orders will change the ship's default order as appropriate. -->
        <do_if value="$needsmineables or $locneededmineables">
          <do_all exact="this.station.subordinates.count" counter="$i">
            <set_value name="$locsubordinate" exact="this.station.subordinates.{$i}"/>
            <do_if value="($locsubordinate.primarypurpose == purpose.mine) and (($locsubordinate.assignment != assignment.mining) or ($locneededmineables and not $needsmineables))">
              <debug_text text="'reassigning %s %s %s to mine.'.[@$locsubordinate.idcode, @$locsubordinate.knownname, $locsubordinate]" chance="$debugchance"/>
              <create_order id="'AssignCommander'" object="$locsubordinate" immediate="true">
                <param name="commander" value="this.station"/>
                <param name="assignment" value="assignment.mining"/>
                <param name="debugchance" value="$debugchance"/>
              </create_order>
            </do_if>
            <remove_value name="$locsubordinate"/>
          </do_all>
        </do_if>
        <remove_value name="$locneededmineables"/>

        <do_if value="not this.isplayerowned">
          <!-- detect cases where the station under our care can no longer function for lack of storage space. other cases that prevent functioning handled elsewhere. -->
          <do_all exact="$table_temptradewares.keys.count" counter="$i" reverse="true">
            <set_value name="$locware" exact="$table_temptradewares.keys.{$i}"/>
            <do_if value="not this.assignedcontrolled.cargo.{$locware}.exists or (not @$table_problemwares.{$locware}.$wasneeded and ($resources.indexof.{$locware} or this.assignedcontrolled.products.{$locware}.exists))">
              <remove_tradeware object="this.assignedcontrolled" ware="$locware"/>
              <remove_value name="$table_temptradewares.{$locware}"/>
              <do_if value="$table_problemwares.{$locware}?">
                <do_if value="@$table_problemwares.{$locware}.$wastradeware">
                  <add_tradeware object="this.assignedcontrolled" ware="$locware" allowbuy="true" allowsell="true"/>
                </do_if>
                <remove_value name="$table_problemwares.{$locware}"/>
              </do_if>
              <debug_text text="'%s is either now a resource or a product, or we have cleared out our stores. cleaning up.'.[$locware]" chance="$debugchance"/>
            </do_if>
            <do_else>
              <do_if value="((this.assignedcontrolled.cargo.{$locware}.count ge $table_temptradewares.{$locware}.$amount) and ((player.age - $table_temptradewares.{$locware}.$timestarted) gt $problemthreshold))">
                <remove_tradeware object="this.assignedcontrolled" ware="$locware"/>
                <remove_value name="$table_temptradewares.{$locware}"/>
                <do_if value="$table_problemwares.{$locware}?">
                  <set_value name="$table_problemwares.{$locware}.$cannotsell"/>
                </do_if>
                <debug_text text="'no one is buying %s. exploring other possibilities.'.[$locware]" chance="$debugchance"/>
              </do_if>
              <do_elseif value="@$table_problemwares.{$locware}.$wasneeded and $resources.indexof.{$locware} and (this.assignedcontrolled.cargo.{$locware}.count le this.assignedcontrolled.cargo.{$locware}.target)">
                <debug_text text="'%s is a resource that was temporarily sold and amount in storage is now under threshold. amount: %s, threshold: %s'.[$locware, this.assignedcontrolled.cargo.{$locware}.count, this.assignedcontrolled.cargo.{$locware}.target]" chance="$debugchance"/>
                <remove_tradeware object="this.assignedcontrolled" ware="$locware"/>
                <remove_value name="$table_temptradewares.{$locware}"/>
                <do_if value="$table_problemwares.{$locware}?">
                  <remove_value name="$table_problemwares.{$locware}"/>
                </do_if>
              </do_elseif>
              <do_else>
                <debug_text text="'stocks of %2 are going down. continuing to sell %1 %2. remaining time: %3s'.[this.assignedcontrolled.cargo.{$locware}.count, $locware, ($problemthreshold + $table_temptradewares.{$locware}.$timestarted) - player.age]" chance="$debugchance"/>
              </do_else>

              <do_if value="$table_temptradewares.{$locware}?">
                <set_value name="$table_temptradewares.{$locware}.$amount" exact="this.assignedcontrolled.cargo.{$locware}.count"/>
              </do_if>
            </do_else>
            <remove_value name="$locware"/>
          </do_all>

          <do_all exact="@$table_problemwares.keys.count" counter="$i" reverse="true">
            <set_value name="$locware" exact="$table_problemwares.keys.{$i}"/>
            <do_if value="$table_problemwares.{$locware}.$cannotsell">
              <set_value name="$locamount" exact="this.assignedcontrolled.cargo.{$locware}.count"/>
              <do_if value="not this.assignedcontrolled.cargo.{$locware}.target or ($locamount gt this.assignedcontrolled.cargo.{$locware}.target)">
                <do_if value="this.assignedcontrolled.cargo.{$locware}.target">
                  <set_value name="$locamount" exact="$locamount - this.assignedcontrolled.cargo.{$locware}.target"/>
                </do_if>
                <debug_text text="'unable to sell off problem ware %1. dropping %2 %1.'.[$locware, $locamount]" chance="$debugchance"/>
                <drop_cargo object="this.assignedcontrolled" ware="$locware" exact="$locamount"/>
              </do_if>
              <remove_value name="$table_problemwares.{$locware}"/>
              <remove_value name="$locamount"/>
            </do_if>
            <remove_value name="$locware"/>
          </do_all>

          <!-- keys: wares, values: duration. note that duration can be greater than player.age since the function increases the time if multiple modules are affected, so player.age - $value can be a negative number. -->
          <generate_shortage_reports object="this.assignedcontrolled" shortage="$loctable_shortage" insufficient="$loctable_insufficient" type="class.production"/>
          <include_interrupt_actions ref="RecordShortages"/>

          <generate_shortage_reports object="this.assignedcontrolled" shortage="$loctable_shortage" insufficient="$loctable_insufficient" type="class.buildmodule"/>
          <include_interrupt_actions ref="RecordShortages"/>

          <generate_shortage_reports object="this.assignedcontrolled" shortage="$loctable_shortage" insufficient="$loctable_insufficient" type="class.habitation"/>
          <include_interrupt_actions ref="RecordShortages"/>

          <remove_value name="$loctable_insufficient"/>
          <remove_value name="$loctable_shortage"/>

          <do_all exact="$resources.count" counter="$i">
            <set_value name="$locware" exact="$resources.{$i}"/>
            <do_if value="((this.assignedcontrolled.cargo.{$locware}.count + this.assignedcontrolled.cargo.{$locware}.free) lt this.assignedcontrolled.cargo.{$locware}.target)">
              <do_if value="not $table_problemresources.{$locware}?">
                <set_value name="$table_problemresources.{$locware}" exact="player.age"/>
              </do_if>
              <debug_text text="'WARNING: %s %s %s does not have enough storage space to fill target amount for %s.\namount in storage: %s\ntarget amount: %s\ntime in shortage: %ss'.[@this.assignedcontrolled.idcode, @this.assignedcontrolled.knownname, this.assignedcontrolled, $locware, this.assignedcontrolled.cargo.{$locware}.count, this.assignedcontrolled.cargo.{$locware}.target, player.age - $table_problemresources.{$locware}]" chance="$debugchance"/>
              <debug_text text="'no stock: %s, time over threshold: %s, duration: %s, threshold: %s, current time: %s, time started: %s'.[not this.assignedcontrolled.cargo.{$locware}.exists, ((player.age - $table_problemresources.{$locware}) gt $problemthreshold), player.age - $table_problemresources.{$locware}, $problemthreshold, player.age, $table_problemresources.{$locware}]" chance="0"/>
              <do_if value="not this.assignedcontrolled.cargo.{$locware}.exists or ((player.age - $table_problemresources.{$locware}) gt $problemthreshold)">
                <do_if value="not $list_criticalresources.indexof.{$locware}">
                  <append_to_list name="$list_criticalresources" exact="$locware"/>
                </do_if>
                <debug_text text="'CRITICAL: %s %s %s has no stores of, and no space for, needed resource: %s'.[@this.assignedcontrolled.idcode, @this.assignedcontrolled.knownname, this.assignedcontrolled, $locware]" chance="$debugchance"/>
              </do_if>
              <do_elseif value="$list_criticalresources.indexof.{$locware}">
                <remove_from_list name="$list_criticalresources" exact="$locware"/>
                <debug_text text="'%s is in shortage but is no longer in critical shortage.'.[$locware]" chance="$debugchance"/>
              </do_elseif>
            </do_if>
            <do_elseif value="$table_problemresources.{$locware}?">
              <remove_value name="$table_problemresources.{$locware}"/>
              <debug_text text="'%s %s %s no longer has a shortage of %s.'.[@this.assignedcontrolled.idcode, @this.assignedcontrolled.knownname, this.assignedcontrolled, $locware]" chance="$debugchance"/>
              <do_if value="$list_criticalresources.indexof.{$locware}">
                <remove_from_list name="$list_criticalresources" exact="$locware"/>
                <debug_text text="'%s no longer in critical shortage.'.[$locware]" chance="$debugchance"/>
              </do_if>
            </do_elseif>
            <remove_value name="$locware"/>
          </do_all>

          <do_if value="$list_criticalresources.count">
            <do_if value="not $table_problemwares?">
              <set_value name="$table_problemwares" exact="table[]"/>
            </do_if>

            <debug_text text="'we have %s resources that require action. figure out why. critical resources:'.[$list_criticalresources.count]" chance="$debugchance"/>
            <do_all exact="$list_criticalresources.count" counter="$i" chance="$debugchance">
              <debug_text text="$list_criticalresources.{$i}"/>
            </do_all>
            <do_all exact="this.assignedcontrolled.cargo.count" counter="$i">
              <set_value name="$locware" exact="this.assignedcontrolled.cargo.{$i}"/>
              <do_if value="(this.assignedcontrolled.products.{$locware}.exists or this.assignedcontrolled.tradewares.{$locware}.exists) and not $table_temptradewares.{$locware}?">
                <debug_text text="'%s is either a product or a tradeware. amount: %s, target: %s'.[$locware, this.assignedcontrolled.cargo.{$locware}.count, this.assignedcontrolled.cargo.{$locware}.target]" chance="$debugchance"/>
                <do_if value="(this.assignedcontrolled.cargo.{$locware}.count gt this.assignedcontrolled.cargo.{$locware}.target)">
                  <debug_text text="'problem found. %s is a product and we have more than we want. marking ware unable to sell.'.[$locware]" chance="$debugchance"/>
                  <do_if value="not $table_problemwares.{$locware}?">
                    <set_value name="$table_problemwares.{$locware}" exact="table[ $cannotsell = true, $wasneeded = true, $wastradeware = this.assignedcontrolled.tradewares.{$locware}.exists ]"/>
                  </do_if>
                  <do_else>
                    <set_value name="$table_problemwares.{$locware}.$cannotsell" exact="true"/>
                  </do_else>
                </do_if>
              </do_if>
              <do_elseif value="this.assignedcontrolled.resources.{$locware}.exists or this.assignedcontrolled.supplyresources.{$locware}.exists">
                <do_if value="(this.assignedcontrolled.cargo.{$locware}.count gt this.assignedcontrolled.cargo.{$locware}.target)">
                  <debug_text text="'problem found. %s is a resource and we have more than we need. trying to sell ware for %ss'.[$locware, $problemthreshold]" chance="$debugchance"/>
                  <do_if value="not $table_problemwares.{$locware}?">
                    <set_value name="$table_problemwares.{$locware}" exact="table[ $cannotsell = false, $wasneeded = true ]"/>
                  </do_if>
                </do_if>
              </do_elseif>
              <do_else>
                <debug_text text="'problem found. %s is a ware that we do not need and is taking up storage space. trying to sell ware for %ss.'.[$locware, $problemthreshold]" chance="$debugchance"/>
                <do_if value="not $table_problemwares.{$locware}?">
                  <set_value name="$table_problemwares.{$locware}" exact="table[ $cannotsell = false, $wasneeded = false ]"/>
                </do_if>
              </do_else>
              <remove_value name="$locware"/>
            </do_all>

            <do_if value="not $table_problemwares.keys.count">
              <debug_text text="'no problems needing immediate attention found.'" chance="$debugchance"/>
              <clear_list list="$list_criticalresources"/>
              <remove_value name="$table_problemwares"/>
            </do_if>
            <do_else>
              <debug_text text="'problem wares:'" chance="$debugchance"/>
              <do_all exact="$table_problemwares.keys.count" counter="$i" reverse="true">
                <set_value name="$locware" exact="$table_problemwares.keys.{$i}"/>
                <debug_text text="'%s. amount: %s, target: %s'.[$locware, this.assignedcontrolled.cargo.{$locware}.count, this.assignedcontrolled.cargo.{$locware}.target]" chance="$debugchance"/>
                <do_if value="not this.assignedcontrolled.cargo.{$locware}.exists or (this.assignedcontrolled.cargo.{$locware}.count le this.assignedcontrolled.cargo.{$locware}.target)">
                  <remove_value name="$table_problemwares.{$locware}"/>
                  <debug_text text="'problem solved. we cleared out excess stocks of %s'.[$locware]" chance="$debugchance"/>
                </do_if>
                <do_elseif value="not $table_problemwares.{$locware}.$cannotsell">
                  <do_if value="not $table_temptradewares.{$locware}?">
                    <set_value name="$table_temptradewares.{$locware}" exact="table[ $amount = this.assignedcontrolled.cargo.{$locware}.count, $initialamount = this.assignedcontrolled.cargo.{$locware}.count, $timestarted = player.age ]"/>
                    <add_tradeware object="this.assignedcontrolled" ware="$locware" allowbuy="false" allowsell="true"/>
                    <debug_text text="'attempting to sell %s %s at game time: %ss.'.[$table_temptradewares.{$locware}.$amount, $locware, $table_temptradewares.{$locware}.$timestarted]" chance="$debugchance"/>
                  </do_if>
                </do_elseif>
                <remove_value name="$locware"/>
              </do_all>
            </do_else>
          </do_if>
        </do_if>
      </do_if>

      <!-- finding offers is expensive, we don't need to check this frequently -->
      <set_command_action commandaction="commandaction.searchingtrades" />

      <wait exact="$waitduration"/>

      <do_if value="not this.station.availableunits.{unitcategory.transport}.count">
        <set_value name="$waitduration" min="30min" max="1h"/>
        <debug_text text="'no cargolifters available. cannot trade. waiting for %s minutes.'.[$waitduration/60s]" chance="$debugchance"/>
        <resume label="loop"/>
      </do_if>

      <set_value name="$selloffer" exact="null"/>

      <!-- find the best trade opportunity -->
      <find_sell_offer seller="this.station" result="$selloffers" multiple="true">
        <stocklevel min="0.2" />
        <match_seller>
          <match_use_blacklist group="blacklistgroup.civilian" type="blacklisttype.objectactivity" object="this.station"/>
        </match_seller>
      </find_sell_offer>

      <do_if value="$selloffers.count gt 0">
        <create_list name="$sellwares" />
        <!-- build list of wares that we want to sell -->
        <do_all exact="$selloffers.count" counter="$i">
          <append_to_list name="$sellwares" exact="$selloffers.{$i}.ware" />
          <debug_text text="player.age + ' %1 in %2 wants to sell %3 units of %4 (stocklevel: %5)'.[this.station.knownname, this.station.sector.knownname, $selloffers.{$i}.amount, $selloffers.{$i}.ware.name, $selloffers.{$i}.stocklevel]" chance="$debugchance" />
        </do_all>

        <find_buy_offer tradepartner="this.station" wares="$sellwares" space="this.station.zone" result="$buyoffers" multiple="true">
          <stocklevel min="0.2" />
          <match_buyer>
            <match class="class.ship" negate="true" />
            <match_use_blacklist group="blacklistgroup.civilian" type="blacklisttype.objectactivity" object="this.station"/>
          </match_buyer>
        </find_buy_offer>
        <remove_value name="$sellwares" />

        <do_all exact="$buyoffers.count" counter="$j" reverse="true">
          <set_value name="$currentbuyoffer" exact="$buyoffers.{$j}" />
          <set_value name="$currentware" exact="$currentbuyoffer.ware"/>
          <debug_text text="'%1 (%2, %3) is buying %4 %5'.[$currentbuyoffer.buyer.knownname, $currentbuyoffer.buyer, $currentbuyoffer.buyer.idcode, $currentbuyoffer.amount, $currentware]" chance="$debugchance"/>
          <!-- we don't want two stations shipping the same tradeware back and forth, so check if ware is a tradeware on both stations -->
          <do_if value="(this.station.tradewares.{$currentware}.exists and $currentbuyoffer.buyer.tradewares.{$currentware}.exists) or ($currentbuyoffer.buyer.isclass.{class.buildstorage} and $currentbuyoffer.buyer.base != this.station)">
            <remove_value name="$buyoffers.{$j}" />
          </do_if>
        </do_all>

        <debug_text text="'found %1 buyoffers in %2'.[$buyoffers.count, this.sector.knownname]" chance="$debugchance" />

        <do_if value="$buyoffers.count">
          <!-- shuffle list so that offers with the same relprice are still in a random order and not in the consistent order that the stations were found in -->
          <shuffle_list list="$buyoffers"/>
          <sort_trades name="$buyoffers" tradelist="$buyoffers" sorter="relativeprice" />

          <do_all exact="$selloffers.count">
            <!-- find the buyoffer with the highest amount -->
            <set_value name="$currentselloffer" exact="$selloffers.random"/>
            <set_value name="$offerindex" exact="$selloffers.indexof.{$currentselloffer}"/>
            <remove_value name="$selloffers.{$offerindex}" />
            <remove_value name="$offerindex" />

            <set_value name="$currentware" exact="$currentselloffer.ware"/>

            <set_value name="$buyoffer" exact="null"/>
            <do_all exact="$buyoffers.count" counter="$j">
              <set_value name="$currentbuyoffer" exact="$buyoffers.{$j}" />
              <do_if value="$currentbuyoffer.ware == $currentware">
                <!-- we don't want two stations shipping the same tradeware back and forth, so check if ware is a tradeware on both stations and negate -->
                <do_if value="this.station.tradewares.{$currentware}.exists and $currentbuyoffer.buyer.tradewares.{$currentware}.exists" negate="true">

                  <!-- cap the max trade volume at 100000 to avoid super-long huge trades -->
                  <clamp_trade_amount result="$finalamount" amount="[$currentbuyoffer.amount, 100000 / $currentware.volume].min" trade="$currentbuyoffer" seller="this.station" buyer="$currentbuyoffer.buyer" />
                  <!--<assert value="$finalamount gt 0" text="'After clamping trade for %1 %2 finalamount is &lt;=0 [ Michael ]'.[$currentbuyoffer.amount, $currentbuyoffer.ware]"/>-->

                  <debug_text text="'consider trading %1 %2 to %3 (stocklevel: %4)'.[$finalamount, $currentware, $currentbuyoffer.buyer.knownname, $currentbuyoffer.stocklevel]" chance="$debugchance"/>

                  <set_value name="$finalbuyoffer" exact="$currentbuyoffer"/>
                  <set_value name="$selloffer" exact="$currentselloffer"/>

                  <break />
                </do_if>
              </do_if>
            </do_all>
            <remove_value name="$currentware" />
            <do_if value="$finalbuyoffer? and $finalbuyoffer.exists">
              <break />
            </do_if>
          </do_all>
        </do_if>
      </do_if>

      <remove_value name="$buyoffers" />
      <remove_value name="$selloffers"/>
      <remove_value name="$currentbuyoffer"/>
      <remove_value name="$currentselloffer"/>

      <!-- execute the trade -->
      <do_if value="$selloffer.exists">
        <set_value name="$tradestart" exact="player.age"/>
        <set_value name="$tradeware" exact="$finalbuyoffer.ware"/>
        <debug_text text="player.age + ' %1 in %2 selling %3 units of %4 to %5...'.[this.station.knownname, this.station.sector.knownname, $finalamount, $tradeware.name, $finalbuyoffer.buyer.knownname]" chance="$debugchance"/>
        <!-- use a 3hour duration for station trades, as these can be inherently slower -->
        <set_command command="command.trade" param="$finalbuyoffer.buyer" />
        <execute_trade tradeoffer="$finalbuyoffer" amount="$finalamount" tradepartner="this.station" result="$traderesult" resume="true">
          <interrupt_after_time time="3h" />
        </execute_trade>
        <!-- no need to call detach_from_masstraffic since stations in the same zone are linked with a static network that persists anyway -->
        <debug_text text="player.age + ' trade executed in %1 seconds'.[player.age - $tradestart]" chance="$debugchance"/>
        <remove_value name="$tradestart" />
        <remove_value name="$tradeware" />
        <remove_value name="$traderesult" />
      </do_if>
      <remove_value name="$selloffer" />
      <remove_value name="$finalbuyoffer" />
      <remove_value name="$finalamount" />

      <resume label="init" />

    </actions>
  </attention>
</aiscript>
