<?xml version="1.0" encoding="UTF-8"?>
<compatibility>
  <aiscript name="boarding.pod" version="0">
    <attention min="unknown">
      <wait line="27"/>
      <move_to line="29"/>
      <move_to line="57"/>
      <wait line="65"/>
    </attention>
  </aiscript>
  <aiscript name="boarding.pod.return" version="0">
    <attention min="visible">
      <wait line="26"/>
      <wait line="36"/>
      <move_to line="41"/>
      <move_to line="53"/>
      <move_docking line="59"/>
      <wait line="68"/>
    </attention>
    <attention min="unknown"/>
  </aiscript>
  <aiscript name="build.buildstorage" version="0">
    <attention min="unknown">
      <wait line="104" label="loop"/>
      <wait line="107" label="loop"/>
      <wait line="116" label="loop"/>
    </attention>
  </aiscript>
  <aiscript name="build.shiptrader" version="4">
    <attention min="unknown">
      <wait line="606" sinceversion="2" label="loop"/>
      <wait line="612" label="loop"/>
    </attention>
  </aiscript>
  <aiscript name="drone.pickup" version="0">
    <attention min="visible">
      <move_to line="41" label="start"/>
      <move_to line="49" label="start"/>
      <wait line="73" label="start"/>
      <wait line="91" label="start"/>
      <wait line="93" label="start"/>
    </attention>
    <attention min="unknown"/>
  </aiscript>
  <aiscript name="engineer.ai" version="0">
    <attention min="unknown">
      <wait line="79" label="checkforrepair"/>
      <wait line="84" label="checkforrepair"/>
      <wait line="88" label="checkforrepair"/>
    </attention>
  </aiscript>
  <aiscript name="fight.attack.object.bigtarget" version="8">
    <attention min="visible">
      <run_script line="206" label="fight"/>
      <move_to line="289" label="fight"/>
      <move_to line="321" label="fight"/>
      <run_script line="357" label="fight"/>
      <wait line="363" label="fight"/>
      <wait line="405" label="finish"/>
    </attention>
    <attention min="unknown">
      <run_script line="475" label="fight"/>
      <move_to line="522" label="fight"/>
      <wait line="527" label="fight"/>
      <wait line="561" label="fight"/>
      <move_to line="590" label="fight"/>
      <wait line="594" label="fight"/>
      <wait line="612" label="finish"/>
    </attention>
  </aiscript>
  <aiscript name="fight.attack.object.capital" version="10">
    <attention min="visible">
      <run_script line="1275" label="Wait"/>
      <wait line="1280" label="Wait"/>
      <wait line="1641" label="Attack"/>
      <wait line="1833" label="Attack"/>
    </attention>
    <attention min="unknown">
      <run_script line="1963" label="Wait"/>
      <wait line="1967" label="Wait"/>
      <wait line="2097" label="Attack"/>
      <wait line="2142" label="Attack"/>
      <wait line="2173" label="Attack"/>
    </attention>
  </aiscript>
  <aiscript name="fight.attack.object.fighter" version="8">
    <attention min="visible">
      <run_script line="194" label="fight"/>
      <move_to line="280" label="fight"/>
      <move_to line="306" label="fight"/>
      <run_script line="335" label="fight"/>
      <wait line="340" label="fight"/>
      <wait line="354" label="finish"/>
    </attention>
    <attention min="unknown">
      <run_script line="430" label="fight"/>
      <move_to line="476" label="fight"/>
      <wait line="480" label="fight"/>
      <wait line="510" label="fight"/>
      <move_to line="538" label="fight"/>
      <wait line="541" label="fight"/>
      <wait line="557" label="finish"/>
    </attention>
  </aiscript>
  <aiscript name="fight.attack.object.medium" version="8">
    <attention min="visible">
      <run_script line="662" label="Wait"/>
      <wait line="667" label="Wait"/>
      <wait line="1160" label="Attack"/>
    </attention>
    <attention min="unknown">
      <run_script line="1268" label="Wait"/>
      <wait line="1272" label="Wait"/>
      <wait line="1404" label="Attack"/>
      <wait line="1449" label="Attack"/>
      <wait line="1478" label="Attack"/>
    </attention>
  </aiscript>
  <aiscript name="fight.attack.object.station" version="9">
    <attention min="visible">
      <wait line="578" label="start"/>
    </attention>
    <attention min="unknown">
      <wait line="858" label="fight"/>
      <wait line="872" label="fight"/>
      <wait line="891" label="fight"/>
    </attention>
  </aiscript>
  <aiscript name="interrupt.attacked" version="0" priority="10">
    <attention min="unknown"/>
  </aiscript>
  <aiscript name="interrupt.changedsector" version="0" priority="11">
    <attention min="unknown"/>
  </aiscript>
  <aiscript name="interrupt.disengage" version="0" priority="9">
    <attention min="unknown"/>
  </aiscript>
  <aiscript name="interrupt.foundabandonedship" version="0" priority="1">
    <attention min="unknown"/>
  </aiscript>
  <aiscript name="interrupt.foundlockbox" version="0" priority="1">
    <attention min="unknown"/>
  </aiscript>
  <aiscript name="interrupt.inspected" version="0" priority="9">
    <attention min="unknown"/>
  </aiscript>
  <aiscript name="interrupt.job.remove" version="0" priority="6">
    <attention min="unknown"/>
  </aiscript>
  <aiscript name="interrupt.missilelock" version="0" priority="10">
    <attention min="unknown"/>
  </aiscript>
  <aiscript name="interrupt.npc.usecases" version="0">
    <attention min="unknown"/>
  </aiscript>
  <aiscript name="interrupt.restock" version="0" priority="8">
    <attention min="unknown"/>
  </aiscript>
  <aiscript name="interrupt.scanned" version="0" priority="9">
    <attention min="unknown"/>
  </aiscript>
  <aiscript name="interrupt.stoporder" version="0" priority="90">
    <attention min="unknown">
      <run_script line="21"/>
      <move_to line="32"/>
      <move_to line="39"/>
    </attention>
  </aiscript>
  <aiscript name="interrupt.targetinvalid" version="0" priority="10">
    <attention min="unknown"/>
  </aiscript>
  <aiscript name="lib.ammo.configupdate" version="1" priority="1">
    <attention min="unknown"/>
  </aiscript>
  <aiscript name="lib.ammo.drones" version="0" priority="1">
    <attention min="unknown"/>
  </aiscript>
  <aiscript name="lib.ammo.missiles" version="0" priority="1">
    <attention min="unknown"/>
  </aiscript>
  <aiscript name="lib.define.blacklistgroup" version="0">
    <attention min="unknown"/>
  </aiscript>
  <aiscript name="lib.find.point.indeepspace" version="0">
    <attention min="unknown"/>
  </aiscript>
  <aiscript name="lib.find.sectors.inrange" version="0">
    <attention min="unknown"/>
  </aiscript>
  <aiscript name="lib.recall.subordinates" version="1" priority="5">
    <attention min="unknown">
      <wait line="176" label="issue_orders"/>
    </attention>
  </aiscript>
  <aiscript name="lib.request.orders" version="0">
    <attention min="unknown">
      <wait line="288"/>
    </attention>
  </aiscript>
  <aiscript name="lib.respond.foundabandonedship" version="0" priority="1">
    <attention min="unknown">
      <run_script line="38"/>
    </attention>
  </aiscript>
  <aiscript name="lib.respond.foundlockbox" version="0" priority="1">
    <attention min="unknown">
      <run_script line="29"/>
    </attention>
  </aiscript>
  <aiscript name="lib.respond.inspected" version="0" priority="9">
    <attention min="unknown">
      <wait line="80"/>
      <run_script line="92"/>
      <run_script line="291"/>
      <wait line="306"/>
    </attention>
  </aiscript>
  <aiscript name="lib.set.weaponmode" version="0">
    <attention min="unknown"/>
  </aiscript>
  <aiscript name="lib.target.selection" version="0">
    <attention min="unknown"/>
  </aiscript>
  <aiscript name="lib.target.selection.singletarget" version="0">
    <attention min="unknown"/>
  </aiscript>
  <aiscript name="lib.units.combat" version="0">
    <attention min="unknown"/>
  </aiscript>
  <aiscript name="lib.units.trade" version="0">
    <attention min="unknown"/>
  </aiscript>
  <aiscript name="masstraffic.dummy" version="0">
    <attention min="visible">
      <wait line="15"/>
    </attention>
    <attention min="unknown">
      <wait line="20"/>
    </attention>
  </aiscript>
  <aiscript name="masstraffic.fight" version="0">
    <attention min="visible">
      <wait line="19" label="start"/>
      <wait line="22" label="start"/>
    </attention>
    <attention min="unknown">
      <wait line="36" label="start"/>
    </attention>
  </aiscript>
  <aiscript name="masstraffic.flee" version="0" priority="9">
    <attention min="visible">
      <move_to line="19"/>
      <move_navmesh line="43"/>
      <wait line="54"/>
      <move_to line="72"/>
      <wait line="81"/>
    </attention>
    <attention min="unknown">
      <wait line="90"/>
    </attention>
  </aiscript>
  <aiscript name="masstraffic.generic" version="0">
    <attention min="nearby">
      <wait line="27" label="start"/>
      <run_script line="80" label="attack"/>
      <run_script line="88" label="flee"/>
      <move_to line="94" label="evade"/>
    </attention>
    <attention min="visible">
      <wait line="125" label="start"/>
      <wait line="136" label="start"/>
      <run_script line="146" label="flee"/>
      <wait line="154" label="evade"/>
    </attention>
    <attention min="unknown">
      <wait line="181" label="returntomasstraffic"/>
    </attention>
  </aiscript>
  <aiscript name="masstraffic.handler.attacked" version="0" priority="9">
    <attention min="visible">
      <run_script line="112" label="attack"/>
      <run_script line="123" label="flee"/>
    </attention>
    <attention min="unknown"/>
  </aiscript>
  <aiscript name="masstraffic.move.waitforsignal" version="0">
    <attention min="unknown">
      <move_to line="48" label="launch"/>
      <move_to line="69" label="launch"/>
      <wait line="81" label="launch"/>
      <move_to line="97" label="dock"/>
      <dock_masstraffic_drone line="108" label="dock"/>
      <wait line="117" label="dock"/>
    </attention>
  </aiscript>
  <aiscript name="masstraffic.police" version="0">
    <attention min="visible">
      <wait line="57" label="start"/>
      <wait line="147" label="evaluate"/>
      <detach_from_masstraffic line="155" label="evaluate"/>
      <move_to line="156" label="evaluate"/>
      <move_to line="158" label="evaluate"/>
      <detach_from_masstraffic line="175" label="evaluate"/>
      <move_to line="186" label="evaluate"/>
      <move_to line="189" label="evaluate"/>
      <detach_from_masstraffic line="236" label="checkscantargets"/>
      <move_to line="237" label="checkscantargets"/>
      <move_to line="239" label="checkscantargets"/>
      <wait line="308" label="preparescan"/>
      <wait line="340" label="scan"/>
      <wait line="342" label="scan"/>
      <run_script line="368" label="attack"/>
    </attention>
    <attention min="unknown">
      <wait line="399" label="returntomasstraffic"/>
    </attention>
  </aiscript>
  <aiscript name="masstraffic.return" version="0">
    <attention min="unknown"/>
  </aiscript>
  <aiscript name="masstraffic.watchdog" version="0">
    <attention min="nearby">
      <wait line="75" label="start"/>
      <wait line="108" label="patrol"/>
      <move_to line="114" label="patrol"/>
      <move_to line="161" label="startobserve"/>
      <wait line="175" label="startobserve"/>
      <wait line="197" label="startobserve"/>
      <move_to line="202" label="startobserve"/>
      <move_to line="219" label="startobserve"/>
      <run_script line="241" label="startobserve"/>
      <wait line="262" label="observe"/>
      <move_to line="292" label="observe"/>
      <move_to line="308" label="observe"/>
      <wait line="356" label="startscan"/>
      <move_to line="372" label="scancargo"/>
      <run_script line="388" label="scancargo"/>
      <run_script line="397" label="scancargo"/>
      <move_to line="411" label="scancargo"/>
      <wait line="415" label="scancargo"/>
      <wait line="445" label="scancargo"/>
      <run_script line="447" label="scancargo"/>
      <run_script line="463" label="scancargo"/>
      <run_script line="472" label="scancargo"/>
      <run_script line="546" label="raisealarm"/>
      <run_script line="562" label="raisealarm"/>
      <run_script line="592" label="attack"/>
      <wait line="640" label="postend"/>
    </attention>
    <attention min="visible">
      <wait line="657" label="start"/>
      <wait line="668" label="patrol"/>
      <move_to line="677" label="patrol"/>
      <wait line="719" label="observe"/>
      <move_to line="748" label="observe"/>
      <move_to line="764" label="observe"/>
      <wait line="774" label="startscan"/>
      <run_script line="842" label="raisealarm"/>
      <run_script line="856" label="raisealarm"/>
      <run_script line="886" label="attack"/>
      <wait line="934" label="postend"/>
    </attention>
    <attention min="unknown">
      <wait line="960" label="end"/>
      <wait line="979" label="postend"/>
    </attention>
  </aiscript>
  <aiscript name="mining.collect.drone" version="0">
    <attention min="visible">
      <run_script line="32" label="start"/>
      <move_to line="49" label="collect"/>
      <run_script line="59" label="collect"/>
      <wait line="66" label="collect"/>
      <run_script line="72" label="collect"/>
      <wait line="84" label="collect"/>
    </attention>
    <attention min="unknown">
      <run_script line="101" label="collect"/>
    </attention>
  </aiscript>
  <aiscript name="mining.collect.ship.capital" version="0">
    <attention min="visible">
      <move_to line="198"/>
      <move_to line="206"/>
      <move_to line="224"/>
      <wait line="251"/>
    </attention>
    <attention min="unknown"/>
  </aiscript>
  <aiscript name="mining.collect.ship.liquid" version="0">
    <attention min="visible">
      <move_to line="80"/>
      <wait line="86"/>
      <wait line="112"/>
    </attention>
    <attention min="unknown"/>
  </aiscript>
  <aiscript name="mining.collect.ship.medium" version="0">
    <attention min="visible">
      <move_to line="149"/>
      <move_to line="182"/>
      <move_to line="205"/>
      <wait line="224"/>
      <wait line="233"/>
      <wait line="258"/>
    </attention>
    <attention min="unknown"/>
  </aiscript>
  <aiscript name="move.attack.object.capital" version="7">
    <attention min="unknown">
      <wait line="190"/>
      <move_to line="319" label="fight"/>
      <wait line="411" label="fight"/>
      <move_to line="446" label="fight"/>
      <move_to line="599" label="fight"/>
      <run_script line="650" sinceversion="5" label="fight"/>
      <wait line="684" label="fight"/>
      <wait line="694" label="finish"/>
    </attention>
  </aiscript>
  <aiscript name="move.autopilot" version="0">
    <attention min="visible">
      <move_to line="193" label="loop"/>
      <move_to line="224" label="loop"/>
      <move_gate line="238" label="loop"/>
    </attention>
    <attention min="unknown"/>
  </aiscript>
  <aiscript name="move.buildership" version="0">
    <attention min="unknown">
      <run_script line="48" label="movetozone"/>
      <move_to line="75" label="movetodestination"/>
    </attention>
  </aiscript>
  <aiscript name="move.claim" version="0">
    <attention min="visible">
      <move_to line="31" label="move"/>
      <move_to line="59" label="move"/>
      <wait line="68" label="move"/>
      <wait line="94" label="move"/>
      <wait line="102" label="finish"/>
      <run_script line="131" label="finish"/>
    </attention>
    <attention min="unknown">
      <move_to line="159" label="move"/>
      <wait line="168" label="move"/>
      <wait line="201" label="finish"/>
      <run_script line="223" label="finish"/>
    </attention>
  </aiscript>
  <aiscript name="move.collect.drone" version="1">
    <attention min="visible">
      <wait line="48" label="launch"/>
      <move_to line="52" sinceversion="1" label="launch"/>
      <run_script line="69" label="launch"/>
      <move_to line="93" sinceversion="1" label="dock"/>
      <dock_masstraffic_drone line="108" label="dock"/>
      <run_script line="113" label="dock"/>
      <wait line="127" label="dock"/>
    </attention>
    <attention min="unknown">
      <wait line="140" label="targetlost"/>
      <move_to line="145" label="targetlost"/>
      <move_to line="158" label="dock"/>
      <wait line="161" label="dock"/>
      <dock_masstraffic_drone line="169" label="dock"/>
      <run_script line="173" label="dock"/>
    </attention>
  </aiscript>
  <aiscript name="move.collect.ship.capship" version="0">
    <attention min="unknown">
      <wait line="64" label="collect"/>
      <wait line="78" label="collect"/>
    </attention>
  </aiscript>
  <aiscript name="move.collect.ship.smallship" version="0">
    <attention min="unknown">
      <wait line="26" label="start"/>
      <run_script line="93" label="start"/>
      <run_script line="117" label="collect"/>
      <move_to line="139" label="movetotarget"/>
      <wait line="161" label="movetotarget"/>
    </attention>
  </aiscript>
  <aiscript name="move.escapepod" version="1">
    <attention min="visible">
      <wait line="17"/>
      <run_script line="21" sinceversion="1"/>
      <wait line="45" label="search"/>
      <wait line="53" label="search"/>
      <run_script line="74" label="dock"/>
      <run_script line="88" label="dock"/>
      <wait line="104" label="waitforrescue"/>
    </attention>
    <attention min="unknown">
      <wait line="122"/>
      <run_script line="126" sinceversion="1"/>
      <wait line="150" sinceversion="1" label="search"/>
      <wait line="158" sinceversion="1" label="search"/>
      <run_script line="179" sinceversion="1" label="dock"/>
    </attention>
  </aiscript>
  <aiscript name="move.evade" version="3">
    <attention min="visible">
      <move_to line="65" label="Random"/>
    </attention>
    <attention min="unknown"/>
  </aiscript>
  <aiscript name="move.flee" version="2">
    <attention min="unknown">
      <run_script line="71"/>
      <run_script line="120" sinceversion="1"/>
      <run_script line="165" label="highway"/>
      <run_script line="176" label="dock"/>
      <run_script line="185" label="boost"/>
      <run_script line="195" label="maneuver"/>
      <wait line="266" label="finish"/>
      <run_script line="278" sinceversion="1" label="finish"/>
    </attention>
  </aiscript>
  <aiscript name="move.flee.boost" version="0">
    <attention min="unknown">
      <move_to line="71"/>
      <move_to line="81"/>
    </attention>
  </aiscript>
  <aiscript name="move.flee.dock" version="0">
    <attention min="unknown">
      <run_script line="51" label="search"/>
      <move_to line="68" label="search"/>
      <run_script line="98" label="dock"/>
      <wait line="112" label="checkifsafe"/>
      <run_script line="127" label="undock"/>
    </attention>
  </aiscript>
  <aiscript name="move.flee.highway" version="0">
    <attention min="unknown">
      <move_to line="49"/>
    </attention>
  </aiscript>
  <aiscript name="move.flee.maneuver" version="0">
    <attention min="visible">
      <move_to line="34"/>
    </attention>
    <attention min="unknown"/>
  </aiscript>
  <aiscript name="move.gate" version="3">
    <attention min="unknown">
      <run_script line="55" label="move"/>
      <move_to line="94" label="move"/>
      <wait line="130" label="move"/>
      <move_to line="165" label="cross_gate"/>
      <move_to line="173" label="cross_gate"/>
      <move_gate line="199" label="cross_gate"/>
      <move_to line="213" label="cross_gate"/>
      <wait line="241" label="cross_gate"/>
      <wait line="264" label="cross_gate"/>
      <move_to line="328" label="cross_gate"/>
      <wait line="365" sinceversion="3" label="waitfor"/>
    </attention>
  </aiscript>
  <aiscript name="move.generic" version="8">
    <attention min="unknown">
      <wait line="204" sinceversion="7" label="check"/>
      <wait line="372" label="check"/>
      <wait line="569" sinceversion="8" label="move"/>
      <run_script line="638" label="move"/>
      <move_to line="658" label="move"/>
      <wait line="668" label="move"/>
      <wait line="673" sinceversion="6" label="move"/>
      <move_to line="693" label="move"/>
      <move_to line="712" label="move"/>
      <wait line="836" sinceversion="6" label="move"/>
      <move_to line="842" label="move"/>
      <move_to line="848" label="move"/>
    </attention>
  </aiscript>
  <aiscript name="move.hack.station.storage" version="0">
    <attention min="unknown">
      <wait line="84" label="start"/>
      <move_to line="154" label="start"/>
      <wait line="167" label="collect"/>
    </attention>
  </aiscript>
  <aiscript name="move.idle" version="1">
    <attention min="unknown">
      <wait line="95" label="start"/>
      <move_to line="150" label="start"/>
      <move_to line="157" label="start"/>
      <wait line="164" label="start"/>
    </attention>
  </aiscript>
  <aiscript name="move.nearby" version="0">
    <attention min="unknown">
      <move_to line="22" label="start"/>
    </attention>
  </aiscript>
  <aiscript name="move.nohighway" version="0">
    <attention min="unknown">
      <wait line="48" label="start"/>
      <move_to line="100" label="start"/>
      <move_to line="129" label="start"/>
      <wait line="146" label="start"/>
      <wait line="174" label="start"/>
      <move_to line="201" label="start"/>
    </attention>
  </aiscript>
  <aiscript name="move.park" version="1" priority="11">
    <attention min="unknown">
      <run_script line="88" label="start"/>
      <run_script line="99" label="start"/>
      <move_to line="190" label="start"/>
      <wait line="204" label="start"/>
      <wait line="243" label="start"/>
      <wait line="271" label="start"/>
      <move_to line="280" label="start"/>
      <move_strafe line="304" label="start"/>
      <move_to line="310" label="start"/>
      <move_to line="316" label="start"/>
    </attention>
  </aiscript>
  <aiscript name="move.random" version="0">
    <attention min="unknown">
      <move_to line="52" label="start"/>
      <move_to line="57" label="start"/>
      <wait line="68" label="start"/>
    </attention>
  </aiscript>
  <aiscript name="move.seekenemies" version="3">
    <attention min="unknown">
      <run_script line="124" label="start"/>
      <wait line="145" label="start"/>
      <move_to line="162" label="moveto"/>
      <run_script line="397" label="moveto"/>
    </attention>
  </aiscript>
  <aiscript name="move.undock" version="4">
    <attention min="unknown">
      <run_script line="80"/>
      <run_script line="105" label="start"/>
      <wait line="112" label="start"/>
      <run_script line="149" label="start"/>
      <wait line="156" label="start"/>
      <detach_from_masstraffic line="202" label="start"/>
      <wait line="230" label="wait"/>
      <wait line="264" label="undock"/>
      <wait line="289" label="undock"/>
      <wait line="347" label="undock"/>
      <wait line="351" label="undock"/>
      <move_to line="372" sinceversion="4" label="undock"/>
      <move_undocking line="397" label="undock"/>
      <move_undocking line="426" label="undock"/>
      <move_waypoints line="476" label="undock"/>
      <move_to line="483" label="undock"/>
      <move_waypoints line="492" label="undock"/>
      <move_strafe line="567" label="undock"/>
      <move_to line="593" label="undock"/>
      <move_to line="617" label="undock"/>
    </attention>
  </aiscript>
  <aiscript name="move.unpark" version="1">
    <attention min="unknown">
      <detach_from_masstraffic line="57" label="start"/>
      <wait line="79" label="start"/>
      <move_strafe line="82" label="start"/>
      <move_to line="89" label="start"/>
      <move_to line="96" label="start"/>
      <move_to line="116" label="start"/>
      <wait line="130" label="start"/>
    </attention>
  </aiscript>
  <aiscript name="move.wareexchange" version="0">
    <attention min="unknown">
      <move_to line="41" label="ready"/>
      <wait line="65" label="ready"/>
      <wait line="102" label="ready"/>
      <run_script line="127" label="ready"/>
      <move_to line="138" label="ready"/>
      <move_to line="152" label="ready"/>
      <wait line="170" label="drop"/>
      <move_to line="185" label="drop"/>
      <wait line="211" label="collect"/>
      <wait line="249" label="collect"/>
      <run_script line="273" label="collect"/>
      <wait line="303" label="cleanup"/>
      <move_to line="328" label="cleanup"/>
    </attention>
  </aiscript>
  <aiscript name="order.assign.commander" version="1">
    <attention min="unknown">
      <run_script line="77"/>
      <run_script line="88"/>
      <run_script line="105"/>
      <run_script line="114" sinceversion="1"/>
    </attention>
  </aiscript>
  <aiscript name="order.build.deploy" version="0">
    <attention min="unknown">
      <run_script line="90" label="movetozone"/>
      <move_to line="113" label="movetodestination"/>
      <wait line="144" label="build"/>
      <wait line="165" label="build"/>
      <wait line="172" label="build"/>
      <run_script line="206" label="disengage"/>
    </attention>
  </aiscript>
  <aiscript name="order.build.equip" version="8" priority="3">
    <attention min="unknown">
      <wait line="56" sinceversion="8" label="init"/>
      <run_script line="98" label="init"/>
      <wait line="150" label="equip"/>
      <wait line="192" label="equip"/>
      <wait line="290" sinceversion="3" label="finish"/>
    </attention>
  </aiscript>
  <aiscript name="order.build.find.task" version="7">
    <attention min="unknown">
      <run_script line="156" label="await build task"/>
      <run_script line="163" label="await build task"/>
    </attention>
  </aiscript>
  <aiscript name="order.collect.ship" version="0">
    <attention min="unknown">
      <run_script line="91" label="start"/>
      <run_script line="104" label="collect"/>
      <run_script line="110" label="collect"/>
      <wait line="116" label="collect"/>
    </attention>
  </aiscript>
  <aiscript name="order.collect.ship.deployable" version="0">
    <attention min="unknown">
      <run_script line="22"/>
    </attention>
  </aiscript>
  <aiscript name="order.collect.ship.lockbox" version="2">
    <attention min="visible">
      <wait line="76"/>
      <run_script line="95" label="start"/>
      <move_to line="188" label="openlockbox"/>
      <wait line="220" label="shoot"/>
      <run_script line="261" label="collect"/>
      <wait line="278" label="finish"/>
      <run_script line="282" sinceversion="1" label="finish"/>
    </attention>
    <attention min="unknown">
      <wait line="295"/>
      <run_script line="314" label="start"/>
      <move_to line="327" label="openlockbox"/>
      <run_script line="355" label="collect"/>
      <wait line="372" label="finish"/>
      <run_script line="376" sinceversion="1" label="finish"/>
    </attention>
  </aiscript>
  <aiscript name="order.collect.ship.radius" version="0">
    <attention min="unknown">
      <run_script line="41" label="start"/>
      <run_script line="64" label="collect"/>
      <run_script line="70" label="collect"/>
      <wait line="76" label="collect"/>
    </attention>
  </aiscript>
  <aiscript name="order.deployobjectatposition" version="1">
    <attention min="unknown">
      <run_script line="170"/>
      <run_script line="191" label="start"/>
      <wait line="200" label="start"/>
      <wait line="214" sinceversion="1" label="deploy"/>
      <wait line="220" sinceversion="1" label="deploy"/>
      <wait line="226" sinceversion="1" label="deploy"/>
      <wait line="232" sinceversion="1" label="deploy"/>
      <wait line="240" sinceversion="1" label="deploy"/>
    </attention>
  </aiscript>
  <aiscript name="order.dock" version="9" priority="11">
    <attention min="unknown">
      <run_script line="213"/>
      <wait line="242" sinceversion="2" label="start"/>
      <run_script line="311" label="movetozone"/>
      <wait line="320" label="movetozone"/>
      <run_script line="387" sinceversion="2" label="waitfordockslot"/>
      <wait line="408" label="waitfordockslot"/>
      <move_to line="513" label="waitfordockslot"/>
      <wait line="546" sinceversion="6" label="requestdock"/>
      <wait line="560" label="requestdock"/>
      <wait line="639" label="movetodockingbay"/>
      <move_waypoints line="693" label="movetodockingbay"/>
      <move_to line="718" sinceversion="5" label="movetodockingbay"/>
      <move_waypoints line="740" label="movetodockingbay"/>
      <move_to line="768" label="movetodockingbay"/>
      <move_docking line="835" label="movetodockpos"/>
      <wait line="884" sinceversion="7" label="movetodockpos"/>
      <wait line="899" label="finish"/>
      <run_script line="909" sinceversion="1" label="nodestination"/>
      <wait line="978" sinceversion="4" label="nodestination"/>
    </attention>
  </aiscript>
  <aiscript name="order.dock.trade.player" version="0">
    <attention min="unknown">
      <wait line="52" label="start"/>
      <run_script line="61" label="signal_player"/>
    </attention>
  </aiscript>
  <aiscript name="order.dock.wait" version="3">
    <attention min="unknown">
      <run_script line="120"/>
      <wait line="147" label="start"/>
      <run_script line="166" label="start"/>
      <run_script line="171" label="start"/>
    </attention>
  </aiscript>
  <aiscript name="order.fight.attack.inrange" version="0">
    <attention min="unknown">
      <run_script line="67" label="start"/>
      <run_script line="91" label="acquiretarget"/>
      <wait line="129" label="attack"/>
      <run_script line="136" label="finish"/>
    </attention>
  </aiscript>
  <aiscript name="order.fight.attack.object" version="8">
    <attention min="unknown">
      <wait line="235" sinceversion="1" label="selecttarget"/>
      <run_script line="296" label="selecttarget"/>
      <run_script line="391" label="fight"/>
      <run_script line="665" label="fight"/>
      <run_script line="820" label="finish"/>
    </attention>
  </aiscript>
  <aiscript name="order.fight.board" version="0">
    <attention min="unknown">
      <run_script line="111" label="start"/>
      <run_script line="133" label="start"/>
      <run_script line="150" label="launchpods"/>
      <move_to line="180" label="launchpods"/>
      <move_to line="219" label="launchpods"/>
      <move_to line="225" label="launchpods"/>
    </attention>
  </aiscript>
  <aiscript name="order.fight.escort" version="8" priority="2">
    <attention min="visible">
      <wait line="445" label="start"/>
      <run_script line="474" label="start"/>
      <wait line="547" label="start"/>
      <wait line="628" label="start"/>
      <wait line="654" label="start"/>
      <wait line="665" label="start"/>
      <wait line="972" label="finish"/>
      <wait line="1070" label="finish"/>
      <wait line="1122" label="finish"/>
    </attention>
    <attention min="unknown">
      <run_script line="1163" label="start"/>
      <wait line="1218" label="start"/>
      <wait line="1303" label="start"/>
      <wait line="1328" label="start"/>
      <wait line="1422" label="start"/>
      <move_to line="1444" sinceversion="2" label="start"/>
      <wait line="1480" label="finish"/>
      <wait line="1578" label="finish"/>
      <wait line="1630" label="finish"/>
    </attention>
  </aiscript>
  <aiscript name="order.fight.lasertower" version="6">
    <attention min="visible">
      <wait line="143" sinceversion="5"/>
      <wait line="155" label="scan"/>
      <move_to line="260" label="track"/>
      <wait line="321" sinceversion="4" label="inactive"/>
    </attention>
    <attention min="unknown">
      <wait line="344" sinceversion="5"/>
      <wait line="356" label="scan"/>
      <wait line="456" label="track"/>
      <wait line="525" sinceversion="4" label="inactive"/>
    </attention>
  </aiscript>
  <aiscript name="order.fight.patrol" version="1">
    <attention min="unknown">
      <run_script line="150" label="start"/>
      <wait line="166" label="find_endzone"/>
      <run_script line="251" label="find_patrolzone"/>
      <wait line="285" label="find_position"/>
      <run_script line="296" label="patrol"/>
      <wait line="307" label="patrol"/>
    </attention>
  </aiscript>
  <aiscript name="order.fight.protect.position" version="0">
    <attention min="unknown">
      <run_script line="78" label="start"/>
      <move_to line="94" label="start"/>
      <run_script line="123" label="start"/>
      <wait line="141" label="start"/>
      <run_script line="147" label="start"/>
    </attention>
  </aiscript>
  <aiscript name="order.fight.protect.ship" version="1">
    <attention min="visible">
      <wait line="133" label="start"/>
      <move_to line="139" label="start"/>
      <run_script line="161" label="start"/>
      <move_to line="205" label="start"/>
      <move_to line="236" label="start"/>
      <wait line="257" label="start"/>
      <wait line="432" label="finish"/>
    </attention>
    <attention min="unknown">
      <run_script line="475" label="start"/>
      <move_to line="496" label="start"/>
      <move_to line="502" label="start"/>
      <wait line="514" label="start"/>
      <wait line="531" label="finish"/>
    </attention>
  </aiscript>
  <aiscript name="order.fight.protect.station" version="2">
    <attention min="unknown">
      <run_script line="97" label="start"/>
      <run_script line="119" label="start"/>
      <wait line="137" label="start"/>
      <run_script line="143" label="start"/>
    </attention>
  </aiscript>
  <aiscript name="order.mining.collect.ship" version="2">
    <attention min="visible">
      <wait line="93" sinceversion="1"/>
      <run_script line="102" label="start"/>
      <run_script line="132" label="start"/>
      <run_script line="154" label="start"/>
    </attention>
    <attention min="unknown">
      <wait line="171" sinceversion="1"/>
      <run_script line="181" label="start"/>
      <wait line="193" label="start"/>
      <wait line="230" label="start"/>
      <wait line="233" label="start"/>
      <run_script line="264" label="start"/>
    </attention>
  </aiscript>
  <aiscript name="order.mining.player" version="1" priority="2">
    <attention min="unknown">
      <run_script line="48" label="start"/>
      <run_script line="65" label="start"/>
      <run_script line="75" label="start"/>
      <run_script line="99" label="start"/>
      <run_script line="109" sinceversion="1" label="start"/>
      <wait line="118" label="start"/>
    </attention>
  </aiscript>
  <aiscript name="order.mining.routine" version="10">
    <attention min="unknown">
      <run_script line="272" sinceversion="1"/>
      <run_script line="283" label="prep"/>
      <wait line="304" sinceversion="9" label="prep"/>
      <wait line="328" sinceversion="8" label="start"/>
      <run_script line="354" sinceversion="5" label="start"/>
      <run_script line="365" sinceversion="5" label="start"/>
      <wait line="407" sinceversion="10" label="start"/>
      <run_script line="415" sinceversion="10" label="start"/>
      <wait line="498" sinceversion="6" label="loop"/>
      <wait line="569" label="loop"/>
      <run_script line="645" label="loop"/>
      <run_script line="687" label="loop"/>
      <wait line="726" label="loop"/>
      <run_script line="757" label="loop"/>
      <wait line="783" label="loop"/>
      <run_script line="826" label="loop"/>
      <wait line="853" label="movetocollect"/>
      <run_script line="860" label="collect"/>
      <run_script line="867" label="collect"/>
      <wait line="890" sinceversion="4" label="collect"/>
      <run_script line="919" label="sellwares"/>
      <run_script line="988" label="sellwares"/>
    </attention>
  </aiscript>
  <aiscript name="order.mining.routine.advanced" version="1">
    <attention min="unknown">
      <run_script line="47"/>
    </attention>
  </aiscript>
  <aiscript name="order.mining.routine.basic" version="1">
    <attention min="unknown">
      <run_script line="42"/>
    </attention>
  </aiscript>
  <aiscript name="order.mining.routine.expert" version="1">
    <attention min="unknown">
      <run_script line="57"/>
    </attention>
  </aiscript>
  <aiscript name="order.move.die" version="2">
    <attention min="visible">
      <wait line="68" label="start"/>
      <run_script line="73" label="start"/>
      <run_script line="84" sinceversion="1" label="start"/>
      <run_script line="114" label="start"/>
      <run_script line="128" label="start"/>
      <run_script line="134" label="start"/>
      <wait line="142" label="start"/>
    </attention>
    <attention min="unknown">
      <run_script line="170" sinceversion="1" label="start"/>
      <wait line="185" label="start"/>
      <wait line="194" label="start"/>
    </attention>
  </aiscript>
  <aiscript name="order.move.follow" version="0">
    <attention min="unknown">
      <wait line="65" label="start"/>
      <run_script line="85" label="warp"/>
      <wait line="89" label="warp"/>
      <move_to line="116" label="move"/>
      <move_to line="147" label="move"/>
      <wait line="161" label="move"/>
    </attention>
  </aiscript>
  <aiscript name="order.move.recon" version="3">
    <attention min="unknown">
      <wait line="317" label="start"/>
      <run_script line="436" label="gothere"/>
      <run_script line="464" label="proceedtonextzone"/>
      <run_script line="512" sinceversion="1" label="proceedtonextzone"/>
      <run_script line="601" label="lookfortrouble"/>
      <wait line="607" label="lookfortrouble"/>
      <run_script line="624" label="lookfortrouble"/>
      <move_to line="750" label="scan"/>
      <run_script line="809" label="scan"/>
      <wait line="820" label="scan"/>
      <wait line="842" label="scan"/>
      <move_to line="874" label="scan"/>
      <move_strafe line="882" label="scan"/>
      <wait line="888" label="scan"/>
      <run_script line="925" label="scan"/>
      <run_script line="1060" label="scan"/>
      <wait line="1073" label="scan"/>
      <wait line="1085" label="scan"/>
      <run_script line="1129" label="scan"/>
      <run_script line="1163" label="scan"/>
      <run_script line="1194" label="scan"/>
      <wait line="1271" label="scan"/>
      <run_script line="1314" label="report"/>
      <run_script line="1336" label="report"/>
      <wait line="1366" label="report"/>
      <wait line="1389" label="end"/>
    </attention>
  </aiscript>
  <aiscript name="order.move.recon.explore" version="0">
    <attention min="unknown">
      <run_script line="77" label="start"/>
      <run_script line="84" label="start"/>
    </attention>
  </aiscript>
  <aiscript name="order.move.recon.police" version="0">
    <attention min="unknown">
      <run_script line="46" label="start"/>
    </attention>
  </aiscript>
  <aiscript name="order.move.recon.update" version="0">
    <attention min="unknown">
      <run_script line="78" label="start"/>
      <run_script line="85" label="start"/>
    </attention>
  </aiscript>
  <aiscript name="order.move.recycle" version="0">
    <attention min="unknown"/>
  </aiscript>
  <aiscript name="order.move.taxi" version="0">
    <attention min="unknown">
      <wait line="33"/>
      <run_script line="51" label="start"/>
    </attention>
  </aiscript>
  <aiscript name="order.move.wait" version="3">
    <attention min="unknown">
      <run_script line="113" sinceversion="1" label="start"/>
      <run_script line="129" label="start"/>
      <run_script line="141" label="start"/>
      <run_script line="171" label="wait"/>
      <run_script line="181" label="wait"/>
      <run_script line="189" sinceversion="1" label="finish"/>
    </attention>
  </aiscript>
  <aiscript name="order.move.wait.object" version="0">
    <attention min="unknown">
      <run_script line="53" label="start"/>
      <run_script line="71" label="wait"/>
      <run_script line="81" label="wait"/>
    </attention>
  </aiscript>
  <aiscript name="order.player.attack" version="0">
    <attention min="unknown">
      <run_script line="43" label="start"/>
      <run_script line="58" label="start"/>
    </attention>
  </aiscript>
  <aiscript name="order.plunder" version="3">
    <attention min="unknown">
      <run_script line="290" label="start"/>
      <wait line="313" label="start"/>
      <wait line="415" label="plunder"/>
      <run_script line="574" label="prep"/>
      <run_script line="589" label="prep"/>
      <run_script line="593" label="prep"/>
      <wait line="650" label="hack"/>
      <run_script line="655" label="hack"/>
      <run_script line="687" label="patrol"/>
      <run_script line="741" label="accost"/>
      <wait line="749" label="accost"/>
      <run_script line="752" label="accost"/>
      <run_script line="767" label="accost"/>
      <wait line="779" label="accost"/>
      <wait line="794" label="accost"/>
      <wait line="816" label="accost"/>
      <wait line="836" label="accost"/>
      <run_script line="879" label="accost"/>
      <wait line="937" sinceversion="3" label="accost"/>
      <run_script line="972" label="offload"/>
      <run_script line="993" label="offload"/>
      <run_script line="1006" label="offload"/>
      <wait line="1046" sinceversion="2" label="offload"/>
    </attention>
  </aiscript>
  <aiscript name="order.recall.subordinates" version="0" priority="5">
    <attention min="unknown">
      <run_script line="28"/>
    </attention>
  </aiscript>
  <aiscript name="order.repair" version="2" priority="3">
    <attention min="unknown">
      <wait line="62" sinceversion="2" label="init"/>
      <run_script line="121" label="flyto"/>
      <wait line="169" label="flyto"/>
      <wait line="205" label="repair"/>
      <wait line="219" label="finish"/>
    </attention>
  </aiscript>
  <aiscript name="order.restock" version="1" priority="3">
    <attention min="unknown">
      <wait line="93"/>
    </attention>
  </aiscript>
  <aiscript name="order.restock.getsupplies" version="3">
    <attention min="unknown">
      <run_script line="98" label="buy"/>
      <wait line="151" label="buy"/>
    </attention>
  </aiscript>
  <aiscript name="order.restock.subordinates" version="2" priority="2">
    <attention min="unknown">
      <run_script line="174" label="flyto"/>
      <move_to line="221" label="wait"/>
      <wait line="281" sinceversion="1" label="finish"/>
    </attention>
  </aiscript>
  <aiscript name="order.supply" version="3" priority="2">
    <attention min="unknown">
      <wait line="197" label="start"/>
      <run_script line="218" label="start"/>
      <run_script line="234" label="start"/>
      <run_script line="242" label="start"/>
      <run_script line="255" label="start"/>
    </attention>
  </aiscript>
  <aiscript name="order.trade.crewexchange" version="0">
    <attention min="unknown">
      <wait line="120"/>
      <wait line="203" label="move_to_targetobject"/>
      <run_script line="230" label="move_to_targetobject"/>
      <wait line="249" label="move_to_targetobject"/>
      <wait line="279" label="move_to_targetobject"/>
      <wait line="311" label="check_trade"/>
      <wait line="381" label="perform_trade"/>
      <wait line="389" label="perform_trade"/>
      <wait line="481" label="perform_trade"/>
      <wait line="492" label="perform_trade"/>
      <move_to line="564" label="passive_trade"/>
      <wait line="574" label="passive_trade"/>
      <wait line="592" label="passive_trade"/>
      <wait line="613" label="passive_trade"/>
      <run_script line="639" label="finish"/>
      <run_script line="658" label="finish"/>
    </attention>
  </aiscript>
  <aiscript name="order.trade.crewexchange.passive" version="0">
    <attention min="unknown">
      <run_script line="17"/>
    </attention>
  </aiscript>
  <aiscript name="order.trade.depositinventory" version="1">
    <attention min="unknown">
      <wait line="67"/>
      <wait line="102" label="start"/>
      <run_script line="138" sinceversion="1" label="finish"/>
    </attention>
  </aiscript>
  <aiscript name="order.trade.middleman" version="6">
    <attention min="unknown">
      <run_script line="171" sinceversion="2" label="start"/>
      <run_script line="240" label="nowwhat"/>
      <wait line="249" sinceversion="5" label="nowwhat"/>
      <wait line="385" label="buy"/>
      <wait line="434" label="buy"/>
      <wait line="596" label="sell"/>
      <wait line="693" label="execute"/>
    </attention>
  </aiscript>
  <aiscript name="order.trade.perform" version="5">
    <attention min="unknown">
      <wait line="113" sinceversion="5" label="start"/>
      <run_script line="190" label="move_to_targetobject"/>
      <wait line="250" sinceversion="4" label="perform_trade"/>
      <run_script line="343" label="perform_trade"/>
      <execute_trade line="366" label="perform_trade"/>
      <run_script line="427" label="perform_trade"/>
      <detach_from_masstraffic line="448" label="perform_trade"/>
      <wait line="464" label="finish"/>
      <run_script line="477" label="finish"/>
    </attention>
  </aiscript>
  <aiscript name="order.trade.routine" version="12">
    <attention min="unknown">
      <run_script line="248" sinceversion="4"/>
      <wait line="280" sinceversion="12"/>
      <run_script line="292" label="prep"/>
      <wait line="300" sinceversion="12" label="prep"/>
      <run_script line="331" sinceversion="8" label="start"/>
      <run_script line="345" sinceversion="8" label="start"/>
      <run_script line="387" label="find trade run"/>
      <run_script line="435" label="find trade run"/>
      <run_script line="491" label="find trade run"/>
      <wait line="608" label="perform trade run"/>
    </attention>
  </aiscript>
  <aiscript name="order.trade.single" version="3">
    <attention min="unknown">
      <wait line="121" label="buy"/>
      <wait line="134" label="buy"/>
      <wait line="173" label="sell"/>
      <wait line="186" label="sell"/>
      <run_script line="231" label="execute"/>
      <move_to line="238" label="execute"/>
    </attention>
  </aiscript>
  <aiscript name="order.trade.single.buy" version="2">
    <attention min="unknown">
      <run_script line="104" label="start"/>
    </attention>
  </aiscript>
  <aiscript name="order.trade.single.sell" version="2">
    <attention min="unknown">
      <run_script line="98" label="start"/>
    </attention>
  </aiscript>
  <aiscript name="order.trade.wareexchange.nonship" version="0">
    <attention min="unknown">
      <run_script line="26" label="start"/>
      <run_script line="37" label="start"/>
      <run_script line="46" label="start"/>
    </attention>
  </aiscript>
  <aiscript name="order.trade.wareexchange.ship" version="4">
    <attention min="unknown">
      <wait line="85" sinceversion="3"/>
      <run_script line="130"/>
      <wait line="175" label="move_to_targetobject"/>
      <run_script line="202" label="move_to_targetobject"/>
      <run_script line="214" label="move_to_targetobject"/>
      <wait line="245" sinceversion="4" label="move_to_targetobject"/>
      <wait line="273" sinceversion="1" label="move_to_targetobject"/>
      <run_script line="315" label="perform_trade"/>
      <execute_trade line="335" label="perform_trade"/>
      <run_script line="348" label="perform_trade"/>
      <detach_from_masstraffic line="378" label="perform_trade"/>
      <move_to line="391" label="passive_trade"/>
      <wait line="401" label="passive_trade"/>
      <wait line="419" label="passive_trade"/>
      <wait line="439" label="passive_trade"/>
      <run_script line="470" label="finish"/>
      <run_script line="482" label="finish"/>
      <run_script line="501" label="finish"/>
    </attention>
  </aiscript>
  <aiscript name="order.trade.wareexchange.ship.passive" version="0">
    <attention min="unknown">
      <run_script line="17"/>
    </attention>
  </aiscript>
  <aiscript name="order.wait" version="2">
    <attention min="unknown">
      <run_script line="81" sinceversion="1"/>
      <move_to line="89"/>
      <wait line="98"/>
      <wait line="102"/>
      <run_script line="107" sinceversion="1"/>
    </attention>
  </aiscript>
  <aiscript name="order.wait.signal" version="2">
    <attention min="unknown">
      <move_to line="105"/>
      <wait line="113"/>
      <wait line="117"/>
    </attention>
  </aiscript>
  <aiscript name="orders.base" version="1">
    <attention min="unknown">
      <wait line="80" label="loop"/>
      <run_script line="126" label="loop"/>
      <wait line="132" label="loop"/>
      <wait line="203" sinceversion="1" label="loop"/>
      <run_order_script line="262" label="loop"/>
      <wait line="274" label="loop"/>
    </attention>
  </aiscript>
  <aiscript name="orders.base.tradecomputer" version="0">
    <attention min="unknown">
      <run_order_script line="86" label="loop"/>
    </attention>
  </aiscript>
  <aiscript name="player.interaction" version="0">
    <attention min="unknown">
      <wait line="34"/>
      <wait line="40"/>
      <wait line="77"/>
      <wait line="78"/>
      <wait line="83"/>
      <wait line="118"/>
    </attention>
  </aiscript>
  <aiscript name="player.interaction.budget" version="0" priority="10">
    <attention min="unknown">
      <run_script line="20"/>
    </attention>
  </aiscript>
  <aiscript name="player.interaction.tradefailed" version="0">
    <attention min="unknown">
      <run_script line="84"/>
    </attention>
  </aiscript>
  <aiscript name="player.interaction.traderesult" version="0">
    <attention min="unknown">
      <run_script line="47"/>
      <run_script line="48"/>
    </attention>
  </aiscript>
  <aiscript name="trade.find.commander" version="8">
    <attention min="unknown">
      <wait line="185" label="find trade run"/>
      <wait line="188" label="find trade run"/>
      <wait line="200" sinceversion="6" label="find trade run"/>
      <wait line="417" sinceversion="4" label="find trade run"/>
      <wait line="455" label="sell"/>
      <wait line="458" label="sell"/>
      <wait line="507" sinceversion="2" label="sell"/>
      <wait line="510" sinceversion="2" label="sell"/>
      <wait line="591" label="buy"/>
      <wait line="598" label="buy"/>
      <run_script line="614" label="buy"/>
    </attention>
  </aiscript>
  <aiscript name="trade.find.free" version="3">
    <attention min="unknown">
      <wait line="359" label="find_sell_offers"/>
      <wait line="542" label="find_buy_offers"/>
      <wait line="584" label="find_buy_offers"/>
      <wait line="644" label="find_buy_offers"/>
      <run_script line="685" label="fail"/>
      <wait line="691" label="fail"/>
    </attention>
  </aiscript>
  <aiscript name="trade.station" version="6">
    <attention min="unknown">
      <wait line="500" label="loop"/>
      <execute_trade line="601" label="loop"/>
    </attention>
  </aiscript>
</compatibility>
