<?xml version="1.0" encoding="utf-8"?>
<peopledefinitions xmlns:xsi="http://www.w3.org/2001/XMLSchema-instance" xmlns:xsd="http://www.w3.org/2001/XMLSchema" xsi:noNamespaceSchemaLocation="people.xsd">
  <!--TODO @Owen - select by race instead of faction?-->
  <!--Argon-->
  <people id="argon_freighter_crew">
    <fillpercent min="20" max="75"/>
    <person role="service" weight="30">
      <select faction="argon" tags="[service, rookie]"/>
    </person>
    <person role="service" weight="30">
      <select faction="argon" tags="[service, regular]"/>
    </person>
    <person role="marine" weight="10">
      <select faction="argon" tags="[marine, rookie]"/>
    </person>
    <person role="marine" weight="10">
      <select faction="argon" tags="[marine, regular]"/>
    </person>
    <person role="passenger" weight="2">
      <select faction="argon" tags="passenger"/>
    </person>
  </people>
  <people id="argon_military_crew">
    <fillpercent min="20" max="75"/>
    <person role="service" weight="30">
      <select faction="argon" tags="[service, rookie]"/>
    </person>
    <person role="service" weight="30">
      <select faction="argon" tags="[service, regular]"/>
    </person>
    <person role="marine" weight="25">
      <select faction="argon" tags="[marine, rookie]"/>
    </person>
    <person role="marine" weight="20">
      <select faction="argon" tags="[marine, regular]"/>
    </person>
    <person role="prisoner" weight="1">
      <select faction="argon" tags="prisoner"/>
    </person>
  </people>
  <people id="argon_veteran_freighter_crew">
    <fillpercent min="20" max="75"/>
    <person role="service" weight="60">
      <select faction="argon" tags="[service, veteran]"/>
    </person>
    <person role="marine" weight="20">
      <select faction="argon" tags="[marine, veteran]"/>
    </person>
    <person role="passenger" weight="2">
      <select faction="argon" tags="passenger"/>
    </person>
  </people>
  <people id="argon_veteran_military_crew">
    <fillpercent min="20" max="75"/>
    <person role="service" weight="60">
      <select faction="argon" tags="[service, veteran]"/>
    </person>
    <person role="marine" weight="45">
      <select faction="argon" tags="[marine, veteran]"/>
    </person>
    <person role="prisoner" weight="1">
      <select faction="argon" tags="prisoner"/>
    </person>
  </people>
  <people id="argon_elite_freighter_crew">
    <fillpercent min="20" max="75"/>
    <person role="service" weight="60">
      <select faction="argon" tags="[service, elite]"/>
    </person>
    <person role="marine" weight="20">
      <select faction="argon" tags="[marine, elite]"/>
    </person>
    <person role="passenger" weight="2">
      <select faction="argon" tags="passenger"/>
    </person>
  </people>
  <people id="argon_elite_military_crew">
    <fillpercent min="20" max="75"/>
    <person role="service" weight="60">
      <select faction="argon" tags="[service, elite]"/>
    </person>
    <person role="marine" weight="45">
      <select faction="argon" tags="[marine, elite]"/>
    </person>
    <person role="prisoner" weight="1">
      <select faction="argon" tags="prisoner"/>
    </person>
  </people>  
  
  <!--Paranid-->
  <people id="paranid_freighter_crew">
    <fillpercent min="20" max="80"/>
    <person role="service" weight="30">
      <select faction="paranid" tags="[service, rookie]"/>
    </person>
    <person role="service" weight="30">
      <select faction="paranid" tags="[service, regular]"/>
    </person>
    <person role="marine" weight="10">
      <select faction="paranid" tags="[marine, rookie]"/>
    </person>
    <person role="marine" weight="10">
      <select faction="paranid" tags="[marine, regular]"/>
    </person>
    <person role="passenger" weight="2">
      <select faction="paranid" tags="passenger"/>
    </person>
  </people>
  <people id="paranid_military_crew">
    <fillpercent min="20" max="75"/>
    <person role="service" weight="30">
      <select faction="paranid" tags="[service, rookie]"/>
    </person>
    <person role="service" weight="30">
      <select faction="paranid" tags="[service, regular]"/>
    </person>
    <person role="marine" weight="20">
      <select faction="paranid" tags="[marine, rookie]"/>
    </person>
    <person role="marine" weight="20">
      <select faction="paranid" tags="[marine, regular]"/>
    </person>
    <person role="prisoner" weight="1">
      <select faction="paranid" tags="prisoner"/>
    </person>
  </people>
  <people id="paranid_veteran_freighter_crew">
    <fillpercent min="20" max="80"/>
    <person role="service" weight="60">
      <select faction="paranid" tags="[service, veteran]"/>
    </person>
    <person role="marine" weight="20">
      <select faction="paranid" tags="[marine, veteran]"/>
    </person>
    <person role="passenger" weight="2">
      <select faction="paranid" tags="passenger"/>
    </person>
  </people>
  <people id="paranid_veteran_military_crew">
    <fillpercent min="20" max="75"/>
    <person role="service" weight="60">
      <select faction="paranid" tags="[service, veteran]"/>
    </person>
    <person role="marine" weight="40">
      <select faction="paranid" tags="[marine, veteran]"/>
    </person>
    <person role="prisoner" weight="1">
      <select faction="paranid" tags="prisoner"/>
    </person>
  </people>
  <people id="paranid_elite_freighter_crew">
    <fillpercent min="20" max="80"/>
    <person role="service" weight="60">
      <select faction="paranid" tags="[service, elite]"/>
    </person>
    <person role="marine" weight="20">
      <select faction="paranid" tags="[marine, elite]"/>
    </person>
    <person role="passenger" weight="2">
      <select faction="paranid" tags="passenger"/>
    </person>
  </people>
  <people id="paranid_elite_military_crew">
    <fillpercent min="20" max="75"/>
    <person role="service" weight="60">
      <select faction="paranid" tags="[service, elite]"/>
    </person>
    <person role="marine" weight="40">
      <select faction="paranid" tags="[marine, elite]"/>
    </person>
    <person role="prisoner" weight="1">
      <select faction="paranid" tags="prisoner"/>
    </person>
  </people>
  <!--Teladi-->
  <people id="teladi_freighter_crew">
    <fillpercent min="20" max="80"/>
    <person role="service" weight="30">
      <select faction="teladi" tags="[service, rookie]"/>
    </person>
    <person role="service" weight="30">
      <select faction="teladi" tags="[service, regular]"/>
    </person>
    <person role="marine" weight="10">
      <select faction="teladi" tags="[marine, rookie]"/>
    </person>
    <person role="marine" weight="10">
      <select faction="teladi" tags="[marine, regular]"/>
    </person>
    <person role="passenger" weight="2">
      <select faction="teladi" tags="passenger"/>
    </person>
  </people>
  <people id="teladi_military_crew">
    <fillpercent min="20" max="80"/>
    <person role="service" weight="30">
      <select faction="teladi" tags="[service, rookie]"/>
    </person>
    <person role="service" weight="30">
      <select faction="teladi" tags="[service, regular]"/>
    </person>
    <person role="marine" weight="20">
      <select faction="teladi" tags="[marine, rookie]"/>
    </person>
    <person role="marine" weight="20">
      <select faction="teladi" tags="[marine, regular]"/>
    </person>
    <person role="prisoner" weight="1">
      <select faction="teladi" tags="prisoner"/>
    </person>
  </people>
  <people id="teladi_veteran_freighter_crew">
    <fillpercent min="20" max="80"/>
    <person role="service" weight="60">
      <select faction="teladi" tags="[service, veteran]"/>
    </person>
    <person role="marine" weight="20">
      <select faction="teladi" tags="[marine, veteran]"/>
    </person>
    <person role="passenger" weight="2">
      <select faction="teladi" tags="passenger"/>
    </person>
  </people>
  <people id="teladi_veteran_military_crew">
    <fillpercent min="20" max="80"/>
    <person role="service" weight="60">
      <select faction="teladi" tags="[service, veteran]"/>
    </person>
    <person role="marine" weight="40">
      <select faction="teladi" tags="[marine, veteran]"/>
    </person>
    <person role="prisoner" weight="1">
      <select faction="teladi" tags="prisoner"/>
    </person>
  </people>
  <people id="teladi_elite_freighter_crew">
    <fillpercent min="20" max="80"/>
    <person role="service" weight="60">
      <select faction="teladi" tags="[service, elite]"/>
    </person>
    <person role="marine" weight="20">
      <select faction="teladi" tags="[marine, elite]"/>
    </person>
    <person role="passenger" weight="2">
      <select faction="teladi" tags="passenger"/>
    </person>
  </people>
  <people id="teladi_elite_military_crew">
    <fillpercent min="20" max="80"/>
    <person role="service" weight="60">
      <select faction="teladi" tags="[service, elite]"/>
    </person>
    <person role="marine" weight="40">
      <select faction="teladi" tags="[marine, elite]"/>
    </person>
    <person role="prisoner" weight="1">
      <select faction="teladi" tags="prisoner"/>
    </person>
  </people>
  
  <!--Hatikvah-->
  <people id="hatikvah_pirate_crew">
    <fillpercent min="20" max="60"/>
    <person role="service" weight="30">
      <select faction="hatikvah" tags="[service, rookie]"/>
    </person>
    <person role="service" weight="30">
      <select faction="hatikvah" tags="[service, regular]"/>
    </person>
    <person role="marine" weight="25">
      <select faction="hatikvah" tags="[marine, rookie]"/>
    </person>
    <person role="marine" weight="25">
      <select faction="hatikvah" tags="[marine, regular]"/>
    </person>
    <person role="prisoner" weight="4">
      <select faction="hatikvah" tags="prisoner"/>
    </person>
  </people>
  <people id="hatikvah_veteran_pirate_crew">
    <fillpercent min="20" max="60"/>
    <person role="service" weight="60">
      <select faction="hatikvah" tags="[service, veteran]"/>
    </person>
    <person role="marine" weight="50">
      <select faction="hatikvah" tags="[marine, veteran]"/>
    </person>
    <person role="prisoner" weight="4">
      <select faction="hatikvah" tags="prisoner"/>
    </person>
  </people>
  <people id="hatikvah_elite_pirate_crew">
    <fillpercent min="20" max="60"/>
    <person role="service" weight="60">
      <select faction="hatikvah" tags="[service, elite]"/>
    </person>
    <person role="marine" weight="50">
      <select faction="hatikvah" tags="[marine, elite]"/>
    </person>
    <person role="prisoner" weight="4">
      <select faction="hatikvah" tags="prisoner"/>
    </person>
  </people>
  
  <!--Scale Plate Pact-->
  <people id="scaleplate_pirate_crew">
    <fillpercent min="20" max="60"/>
    <person role="service" weight="30">
      <select faction="scaleplate" tags="[service, rookie]"/>
    </person>
    <person role="service" weight="30">
      <select faction="scaleplate" tags="[service, regular]"/>
    </person>
    <person role="marine" weight="25">
      <select faction="scaleplate" tags="[marine, rookie]"/>
    </person>
    <person role="marine" weight="25">
      <select faction="scaleplate" tags="[marine, regular]"/>
    </person>
    <person role="prisoner" weight="4">
      <select faction="scaleplate" tags="prisoner"/>
    </person>
  </people>
  <people id="scaleplate_veteran_pirate_crew">
    <fillpercent min="20" max="60"/>
    <person role="service" weight="60">
      <select faction="scaleplate" tags="[service, veteran]"/>
    </person>
    <person role="marine" weight="50">
      <select faction="scaleplate" tags="[marine, veteran]"/>
    </person>
    <person role="prisoner" weight="4">
      <select faction="scaleplate" tags="prisoner"/>
    </person>
  </people>
  <people id="scaleplate_elite_pirate_crew">
    <fillpercent min="20" max="60"/>
    <person role="service" weight="60">
      <select faction="scaleplate" tags="[service, elite]"/>
    </person>
    <person role="marine" weight="50">
      <select faction="scaleplate" tags="[marine, elite]"/>
    </person>
    <person role="prisoner" weight="4">
      <select faction="scaleplate" tags="prisoner"/>
    </person>
  </people>

</peopledefinitions>