<?xml version="1.0" encoding="utf-8"?>
<regionyields xmlns:xsi="http://www.w3.org/2001/XMLSchema-instance" xsi:noNamespaceSchemaLocation="regionyields.xsd">
  <resource ware="ore" scaneffect="scfx_result_region_ore_01" scaneffectdensity="0.003">
    <yield name="medium" resourcedensity="2.5" replenishtime="60" scaneffectintensity="0.1" />
    <yield name="high" resourcedensity="25" replenishtime="240" scaneffectintensity="0.3" />
    <yield name="veryhigh" resourcedensity="25000" replenishtime="2400" scaneffectintensity="1.0" />
  </resource>
  <resource ware="silicon" scaneffect="scfx_result_region_silicon_01" scaneffectdensity="0.003">
    <yield name="medium" resourcedensity="2.5" replenishtime="90" scaneffectintensity="0.1" />
    <yield name="high" resourcedensity="25" replenishtime="360" scaneffectintensity="0.3" />
    <yield name="veryhigh" resourcedensity="25000" replenishtime="3600" scaneffectintensity="1.0" />
  </resource>
  <resource ware="ice" scaneffect="scfx_result_region_ice_01" scaneffectdensity="0.003">
    <yield name="medium" resourcedensity="2.5" replenishtime="30" scaneffectintensity="0.1" />
    <yield name="high" resourcedensity="25" replenishtime="120" scaneffectintensity="0.3" />
  </resource>
  <resource ware="nividium" scaneffect="" scaneffectdensity="0.001">
    <yield name="medium" resourcedensity="2.5" replenishtime="250" scaneffectintensity="0.1" />
    <yield name="high" resourcedensity="25" replenishtime="600" scaneffectintensity="0.3" />
    <yield name="veryhigh" resourcedensity="2500" replenishtime="3600" scaneffectintensity="1.0" />
  </resource>
  <resource ware="hydrogen" scaneffect="" scaneffectdensity="0.001">
    <yield name="medium" resourcedensity="100" replenishtime="60" gatherspeedfactor="1.0" scaneffectintensity="0.1" />
    <yield name="high" resourcedensity="1000" replenishtime="240" gatherspeedfactor="4.0" scaneffectintensity="0.3" />
  </resource>
  <resource ware="helium" scaneffect="" scaneffectdensity="0.001">
    <yield name="medium" resourcedensity="100" replenishtime="60" gatherspeedfactor="1.0" scaneffectintensity="0.1" />
    <yield name="high" resourcedensity="1000" replenishtime="240" gatherspeedfactor="4.0" scaneffectintensity="0.3" />
  </resource>
  <resource ware="methane" scaneffect="" scaneffectdensity="0.001">
    <yield name="medium" resourcedensity="100" replenishtime="60" gatherspeedfactor="1.0" scaneffectintensity="0.1" />
    <yield name="high" resourcedensity="1000" replenishtime="240" gatherspeedfactor="4.0" scaneffectintensity="0.3" />
  </resource>
</regionyields>