<?xml version="1.0" encoding="utf-8"?>
<mdscript name="GM_DeployInPlace" xmlns:xsi="http://www.w3.org/2001/XMLSchema-instance" xsi:noNamespaceSchemaLocation="md.xsd">
  <cues>

    <!--Base Mission information-->
    <!--
    Generic Mission name:    Deploy object (e.g. mines or satellites) at specified location(s) - intended for Master Missions
    Primary 'missiontype':   e.g missiontype.drop
    -->
    <!--The Feedback Manager contains a table of feedback values related to this Generic Mission. 
		This table is 'const' during the mission (the table itself doesn't change anymore after inialization)

	There are several maintypes of feedback:
    event:    Something which happens during a mission but does not cause it to end e.g. the mission being accepted
    removed:  The mission offer was removed before acceptance
    success:  The mission was successfully completed by the player
    failure:  The player failed the mission
    error:    Something went wrong with the mission set-up or during the mission-->
    <cue name="FeedbackValueManager" namespace="this" version="3">
      <actions>
        <set_value name="$FeedbackValues" exact="table[
                   $MISSION_GENERATED           = table[$type = 'event',    $text = 'Mission variation generated successfully'],
                   $MISSION_ACCEPTED            = table[$type = 'event',    $text = 'Mission accepted'],
                   $MISSION_NO_VARIANT          = table[$type = 'event',    $text = 'No mission variant currently possible'],
                   $MISSION_NO_NPC_SCENE        = table[$type = 'event',    $text = 'No mission NPC scene could be set up'],
                   
                   $OFFER_REMOVED               = table[$type = 'removed',  $text = 'Offer removed'],
                   $DECLINED_OFFER              = table[$type = 'removed',  $text = 'Player declined Event Offer'],
                   $EVENT_OFFER_TIMEOUT         = table[$type = 'removed',  $text = 'Event Offer timeout'],
                   $SIGNAL_LEAK_REMOVED         = table[$type = 'removed',  $text = 'Signal leak offer removed'],
                   
                   $MISSION_SUCCEEDED           = table[$type = 'success',  $text = 'Mission succeeded'],
                   
                   $MISSION_ABORTED             = table[$type = 'failure',  $text = 'Mission aborted by player'],
                   $FORCED_CLEANUP              = table[$type = 'failure',  $text = 'Forced to end from outside'],
                   $MISSION_TIMEOUT             = table[$type = 'failure',  $text = 'Mission timeout'],
                   $RML_FAILED                  = table[$type = 'failure',  $text = 'RML failure'],
                   
                   $NO_VALID_CLIENT_OWNER       = table[$type = 'error',    $text = 'No valid ClientOwner parameter provided'],
                   $INVALID_OFFER_TYPE          = table[$type = 'error',    $text = 'No offer parameters were valid'],
                   $NO_TEXT_OFFSET              = table[$type = 'error',    $text = 'No TextOffset set'],
                   $INVALID_TARGETSECTOR_PARAM  = table[$type = 'error',    $text = 'Invalid TargetSector param'],
                   $INVALID_TARGETOFFSET_PARAM  = table[$type = 'error',    $text = 'Invalid TargetOffset param'],
                   $INVALID_TARGETOFFSETY_PARAM = table[$type = 'error',    $text = 'Invalid TargetOffset param - should be on ecliptic (y=0)!'],
                   $INVALID_TARGETRADIUS_PARAM  = table[$type = 'error',    $text = 'Invalid TargetRadius param'],
                   $INVALID_TARGETCOUNT_PARAM   = table[$type = 'error',    $text = 'Invalid TargetCount param'],
                   $INVALID_CATEGORY_PARAM      = table[$type = 'error',    $text = 'Invalid DeployableCategory param'],
                   $INVALID_FACTION_PARAM       = table[$type = 'error',    $text = 'Invalid Faction param'],
                   $INVALID_FORCE_CLEANUP       = table[$type = 'error',    $text = 'ForceCleanup cue invalid'],
                   $RML_ERROR                   = table[$type = 'error',    $text = 'RML error']
                   ]"/>
      </actions>
      <patch sinceversion="3">
        <!--To patch new feedback values, increment 'version' and 'sinceversion' number-->
        <force_cue cue="FeedbackValueManager"/>
      </patch>
    </cue>

    <!--Required variables: $Page & $TextOffset (and any below substitute_text values)
    If text is to be substituted for a new text variant, people should feel free to add the substitution below. Alternatively, pass in an overriding text in the $TextTable param-->
    <library name="GenerateTextTable">
      <actions>
        <!--Text page indexes $TextOffset + #
        1 = $TextTable.$missionname
        2 = $TextTable.$description
        3 = $TextTable.$objective                 (out of range, singular)
        4 = $TextTable.$objective_inrange         (when in range, plural)
        5 = $TextTable.$objective_plural          (out of range, singular)
        6 = $TextTable.$objective_inrange_plural  (when in range, plural)
       
        -->
        <set_value name="$TextTable.$missionname"       exact="readtext.{$Page}.{$TextOffset + 1}" chance="if $TextTable.$missionname? then 0 else 100"/>

        <!-- TODO: @Owen, @Roger: Add option to GM to specify normal/advanced satellites, for now just show a hint that normal satellites suffice -->
        <do_if value="if $TextTable.$description? then 0 else 100">

          <substitute_text text="$TextTable.$description" source="readtext.{$Page}.{$TextOffset + 2}">
            <replace string="'$REQUIREMENTS$'"    with="''" comment="unused for now"/>
          </substitute_text>

          <do_if value="$DeployableCategory == deployablecategory.satellite">
            <set_value name="$TextTable.$description"       exact="$TextTable.$description + '\n' + readtext.{$Page}.{$TextOffset + 10}"/>
            <!--set_value name="$TextTable.$description"       exact="readtext.{$Page}.{$TextOffset + 2} + '\n' + readtext.{$Page}.{$TextOffset + 11}" chance="if $TextTable.$description? then 0 else 100"/-->
          </do_if>
        </do_if>

        <substitute_text text="$TextTable.$objective"                 source="readtext.{$Page}.{$TextOffset + 3}" chance="if $TextTable.$objective? then 0 else 100">
          <replace string="'$NUMBER$'"     with="$TargetCount + 'x '" comment="in target area"/>
        </substitute_text>
        <substitute_text text="$TextTable.$objective_inrange"         source="readtext.{$Page}.{$TextOffset + 4}" chance="if $TextTable.$objective_inrange? then 0 else 100">
          <replace string="'$NUMBER$'"     with="$TargetCount + 'x '"/>
        </substitute_text>
        <substitute_text text="$TextTable.$objective_plural"          source="readtext.{$Page}.{$TextOffset + 5}" chance="if $TextTable.$objective_plural? then 0 else 100">
          <replace string="'$NUMBER$'"     with="$TargetCount + 'x '" comment="in target area"/>
        </substitute_text>
        <substitute_text text="$TextTable.$objective_inrange_plural"  source="readtext.{$Page}.{$TextOffset + 6}" chance="if $TextTable.$objective_inrange_plural? then 0 else 100">
          <replace string="'$NUMBER$'"     with="$TargetCount + 'x '"/>
        </substitute_text>

      </actions>
    </library>

    <library name="Start">
      <params>
        <!-- TODO: For creating your own custom GM, you might need to change _some_ of the below parameters -->
        <param name="OfferObject" default="null" comment="The object on which this mission is based e.g. A Ship / Station / Signal Leak. Only needed for missions with a physical location."/>
        <param name="Client" default="null" comment="Pre-existing client"/>
        <param name="ClientOwner" default="null" comment="Overriding owner for reward calculation or creation of $Client if not provided. Defaults to $OfferObject owner if able"/>
        <param name="MissionCue" default="null" comment="Cue the mission is attached to. Defaults to Start (this)."/>
        <param name="MissionThread" default="null" comment="Mission thread for the offer and mission"/>

        <param name="GenerateReward" default="true" comment="If RewardCr or RewardNotoriety are invalid, generate them?"/>
        <param name="RewardCr" default="null" comment="If the reward for this mission is credits, the number of credits should be set to this variable." />
        <param name="RewardObj" default="null" comment="If the reward for this mission is not credits, and is an object, it should be set to this variable." />
        <param name="RewardNotoriety" default="null"/>
        <param name="RewardText" default="null"  comment="Any text needed to define the reward for this mission - may be used in conjunction with $RewardCr and $RewardObj." />
        <param name="MissionDuration" default="null"/>
        <param name="MissionType" default="missiontype.drop" comment="Variations can override mission type if required"/>
        <param name="MissionLevel"/>
        <param name="Difficulty"/>

        <!--Offer location and conversation-->
        <param name="WithoutOffer" default="false" comment="Do not create a mission offer. Either run immediatly or wait for WithoutOfferWaitCue"/>
        <param name="WithoutOfferWaitCue" default="null" comment="Do not create a mission offer but wait for this cue to be completed before running the mission"/>
        <param name="DeclineButton" default="true" comment="Have a decline button instead of a back button in the offer conversation"/>
        <param name="EventOffer" default="false" comment="Is the mission offered directly to the player with an interactive event"/>
        <param name="ConversationOffer" default="false" comment="When $EventOffer is false, should this offer be through a conversation with the $Client. Otherwise, offer at mission location"/>
        <param name="ConversationTriggerCue" default="null" comment="If provided, when this cue is signalled, start the mission offer conversation."/>
        <param name="OfferMaxDistance" default="null" comment="Maximum distance to OfferObject before it is cleaned up. null = do not check"/>
        <param name="HideFromBBS" default="false" comment="Hide this offer from the BBS? Show only through locations or special conversation handling."/>
        <param name="RemoveOnSectorChange" default="true"/>
        <param name="OfferDistance" default="50km" comment="Distance to the offer location before it becomes visible on the map or BBS (unless otherwise hidden)"/>

        <!--BBS only params-->
        <param name="BBSObject" default="null"/>
        <param name="BBSDistance" default="null"/>
        <param name="BBSTimeoutMin" default="null"/>
        <param name="BBSTimeoutMax" default="null"/>
        <param name="BBSSpace" default="null"/>

        <!--Mission text-->
        <param name="Page"        comment="Allows a different text page to be used instead of the generic one. Text IDs must be mapped similarly."/>
        <param name="TextOffset"  comment="The text offset for this variant's text on the page.
               Each variant starts at a different offset, but the entries[] within that offset have to match for all variants."/>
        <param name="TextTable" default="table[]" comment="Table, usually populated by the mission, to store the texts by an identifier key e.g. $missionname = 'Kill Bala Gi'
               Check library 'GenerateTextTable' for identifier keys. Pass in a table with such an entry to override the text usually generated from the $Page and $TextOffset"/>

        <!--Mission specific params-->
        <param name="TargetSector"                    comment=""/>
        <param name="TargetOffset"                    comment=""/>
        <param name="TargetRadius"                    comment="coverage radius"/>
        <param name="TargetCount"                     comment="How many to deploy"/>
        <param name="DeployableCategory"              comment="e.g. deployablecategory.lasertower, or deployablecategory.mine"/>
        <param name="CutsceneMacro" default="null"    comment="Macro to be displayed in the briefing cutscene"/>
        <param name="Faction"                         comment="The faction which asked us for this"/>

        <param name="ReportSignalCue" default="null" comment="Cue to be signalled when something happens which could be of interest to the calling cue. Saves values to ReportSignalCue.$FeedbackValue and ReportSignalCue.$EndFeedbackValue"/>
        <param name="CancelOfferCue" default="null" comment="Cue which when completed will force this missions offer to be removed and cleaned up. No effect if mission has been accepted."/>
        <param name="ForceCleanup" default="null" comment="Cue to force a cleanup from outside when completed"/>
        <param name="DebugChance" default="0"/>
      </params>
      <actions>
        <!--Feedback value setup-->
        <set_value name="$Feedback" exact="null"/>
        <set_value name="$FeedbackManager" exact="md.GM_DeployInPlace.FeedbackValueManager"/>

        <assert value="$WithoutOffer or not $MissionCue or (not $MissionCue.hasmission and not $MissionCue.hasmissionoffer)"
                text="'Mission is set to create an offer but provided MissionCue: ' + $MissionCue + ' already has an offer or is a running mission [Owen]'"/>

        <assert value="not $MissionThread or $WithoutOffer" text="'Thread sub-mission is also set to create an offer which is not supported.\n
                The mission thread offer should be populated with mission details suitable for this mission, but not from an actual mission. Thread: ' + $MissionThread + ' [Owen]'"/>

        <!--Param validation-->
        <do_if value="not $WithoutOffer">
          <!--Optional variables (at least one should exist): $OfferObject, (bool)$HideFromBBS, (bool)$ConversationOffer, (bool)$EventOffer
          Result variables:
          $OfferType = 'signalleak' OR 'objectbased' OR 'eventoffer' OR 'conversationoffer'
          $AllowOfferEvent = Will an event offering this event be also fired immediatly?-->
          <include_actions ref="md.GenericMissions.GetOfferType"/>
          <do_if value="not $OfferType">
            <set_value name="$Feedback" exact="'$INVALID_OFFER_TYPE'"/>
          </do_if>
        </do_if>

        <do_if value="not $Feedback">
          <do_if value="not $TextOffset">
            <set_value name="$Feedback" exact="'$NO_TEXT_OFFSET'"/>
          </do_if>
          <do_else>
            <do_if value="$Client">
              <set_value name="$PreexistingClient"/>
            </do_if>
            <do_if value="not $ClientOwner">
              <set_value name="$ClientOwner" exact="if $Client then $Client.owner else @$OfferObject.owner"/>
              <assert value="$ClientOwner" text="'No valid $ClientOwner [Owen]'"/>
            </do_if>

            <do_if value="not $ClientOwner">
              <set_value name="$Feedback" exact="'$NO_VALID_CLIENT_OWNER'"/>
            </do_if>
            <do_else>
              <!--Mission specific param checks-->
              <do_if value="not $TargetSector.isclass.space">
                <set_value name="$Feedback" exact="'$INVALID_TARGETSECTOR_PARAM'"/>
              </do_if>
              <do_elseif value="not $TargetOffset">
                <set_value name="$Feedback" exact="'$INVALID_TARGETOFFSET_PARAM'"/>
              </do_elseif>
              <!--<do_elseif value="(($TargetOffset.y lt -0.1) or ($TargetOffset.y gt 0.1))">
              <set_value name="$Feedback" exact="'$INVALID_TARGETOFFSETY_PARAM'"/>
            </do_elseif>-->
              <do_elseif value="$TargetRadius le 0">
                <set_value name="$Feedback" exact="'$INVALID_TARGETRADIUS_PARAM'"/>
              </do_elseif>
              <do_elseif value="$TargetCount le 0">
                <set_value name="$Feedback" exact="'$INVALID_TARGETCOUNT_PARAM'"/>
              </do_elseif>
              <do_elseif value="typeof $DeployableCategory != datatype.deployablecategory">
                <set_value name="$Feedback" exact="'$INVALID_CATEGORY_PARAM'"/>
              </do_elseif>
              <do_elseif value="typeof $Faction != datatype.faction">
                <set_value name="$Feedback" exact="'$INVALID_FACTION_PARAM'"/>
              </do_elseif>

            </do_else>
          </do_else>
        </do_if>
      </actions>
      <cues>
        <cue name="Do_Not_Start_Mission" onfail="cancel">
          <conditions>
            <check_value value="$Feedback"/>
          </conditions>
          <actions>
            <signal_cue cue="CleanUp"/>
          </actions>
        </cue>

        <cue name="Do_Start_Mission" onfail="cancel">
          <conditions>
            <check_value value="not $Feedback"/>
          </conditions>
          <actions>
            <do_if value="not $MissionCue">
              <set_value name="$MissionCue" exact="Start"/>
            </do_if>

            <do_if value="not $PreexistingClient?">
              <!-- No pre-existing client, create a temporary client for this mission -->
              <!-- This auto-assigns a 'matching' text-page using the metadata (id=0) specified in the text-files. Speak commands for this actor will then refer to the selected text-page-->
              <!-- Possibly we'll need to add additional filters (in case some topics aren't supported by all generic text-pages) -->
              <create_cue_actor cue="Start" name="$Client" comment="temporary cue-actor will be cleaned up in the Cleanup-cue, see destroy_object on $Client">
                <select faction="$ClientOwner"/>
                <owner exact="$ClientOwner"/>
              </create_cue_actor>
            </do_if>

            <!-- Determine the reward (credits/object/notoriety) -->
            <do_if value="$GenerateReward">
              <do_any>
                <do_if value="not $RewardCr" weight="91">
                  <signal_cue_instantly cue="md.LIB_Reward_Balancing.Reward_Money" param="[Start, $Difficulty, $MissionLevel, $ClientOwner]" comment="basic reward credits"/>
                  <include_actions ref="md.LIB_Reward_Balancing.Apply_RewardMultiplier" comment="signal leak and mission thread bonus"/>
                  <signal_cue_instantly cue="CalculateResourceCost" param="[Start, $DeployableCategory, $TargetCount]" comment="returns this.$ResourceCost__Result"/>
                  <set_value name="$RewardCr" exact="$Reward_Money__Result_Multiplied + $ResourceCost__Result"/>
                </do_if>
                <do_if value="not $RewardObj" weight="2">
                  <signal_cue_instantly cue="md.LIB_Reward_Balancing.Reward_ModPart" param="[Start]" />
                  <set_value name="$RewardObj" exact="$Reward_ModPart__Result" />
                  <set_value name="$RewardText" exact="$RewardObj.name" />
                </do_if>
                <do_if value="not $RewardObj" weight="7">
                  <signal_cue_instantly cue="md.LIB_Reward_Balancing.Reward_Seminar" param="[Start]" />
                  <set_value name="$RewardObj" exact="$Reward_Seminar__Result" />
                  <set_value name="$RewardText" exact="$RewardObj.name" />
                </do_if>
              </do_any>

              <do_if value="not $RewardNotoriety">
                <signal_cue_instantly cue="md.LIB_Reward_Balancing.Reward_Notoriety" param="[Start, $Difficulty, $MissionLevel, $ClientOwner]"/>
                <set_value name="$RewardNotoriety" exact="$Reward_Notoriety__Result"/>
              </do_if>
            </do_if>

            <include_actions ref="GenerateTextTable"/>

            <do_if value="$ReportSignalCue">
              <!--Signal the $ReportSignalCue that the mission has been successfully generated-->
              <set_value name="$FeedbackData" exact="$FeedbackManager.$FeedbackValues.$MISSION_GENERATED.clone"/>
              <set_value name="$FeedbackData.$ID" exact="'$MISSION_GENERATED'"/>
              <set_value name="$ReportSignalCue.$FeedbackValue" exact="$FeedbackData.clone" comment="Mission variation generated successfully"/>
              <signal_cue_instantly cue="$ReportSignalCue" param="table[$Name = $TextTable.$missionname, $Cue = $MissionCue, $Reward = $RewardCr, $RewardText = $RewardText]"/>
            </do_if>
          </actions>
          <cues>

            <!--***MISSION OFFER***-->
            <cue name="With_Offer" onfail="cancel">
              <conditions>
                <check_value value="$WithoutOffer" exact="false"/>
              </conditions>
              <cues>
                <!--Cue which creates the offer, when signalled. To be signalled from the GenericMissions.OfferMission library, referenced below-->
                <cue name="CreateOffer" instantiate="true" comment="instanced to prevent cleanup">
                  <conditions>
                    <event_cue_signalled/>
                    <check_value value="not @$OfferCreated"/>
                  </conditions>
                  <actions>
                    <do_if value="not @$OfferCreated">

                      <!-- TODO: For creating your own custom GM, you want to change the below briefing details/objective -->
                      <!-- Briefing details -->
                      <create_offer cue="$MissionCue" location="$OfferObject" distance="$OfferDistance" name="$TextTable.$missionname" description="$TextTable.$description" difficulty="$Difficulty" actor="$Client"
                                  faction="$ClientOwner" type="$MissionType" reward="$RewardCr" rewardtext="$RewardText" duration="$MissionDuration" hidden="$HideFromBBS" space="$BBSSpace">
                        <briefing>
                          <!--TODO @Owen @Roger more suitable action?-->
                          <objective step="1" action="objective.deploy" text="$TextTable.$objective"/>
                        </briefing>
                      </create_offer>
                    </do_if>
                    <set_value name="$OfferCreated" exact="true"/>
                  </actions>
                </cue>

                <!--The majority of the offer logic is within this library. The parameters we pass down below, specify in which way this mission is going to be offered to the player (i.e. BBS, Signal-Leak, ...)
                Some of the mission specific handling is still contained in this file but triggered via the library via a signal e.g. setting up the briefing details via the 'CreateOffer' cue above.-->
                <cue name="Offer_Management" ref="md.GenericMissions.OfferMission">
                  <param name="OfferType"     value="$OfferType"/>
                  <param name="OfferCue"      value="$MissionCue"/>
                  <param name="CleanupCue"    value="Offer_End"/>
                  <param name="BriefingSetupCue" value="CreateOffer"/>
                  <param name="MissionName"   value="$TextTable.$missionname"/>
                  <param name="CancelOfferCue" value="$CancelOfferCue"/>

                  <!--Object based params (offered by Station/Ship/Signal-leak)-->
                  <param name="TimeoutMin"  value="8min" comment="Minimum time the offer remains valid"/>
                  <param name="TimeoutMax"  value="12min"/>
                  <param name="MaxDistance" value="$OfferMaxDistance"/>
                  <param name="RemoveOnSectorChange" value="$RemoveOnSectorChange"/>

                  <!--Object and Signal Leak based params-->
                  <param name="OfferObject" value="$OfferObject"/>

                  <!--BBS based offers-->
                  <param name="BBSObject"     value="@$BBSObject"/>
                  <param name="BBSDistance"   value="@$BBSDistance"/>
                  <param name="BBSTimeoutMin" value="@$BBSTimeoutMin"/>
                  <param name="BBSTimeoutMax" value="@$BBSTimeoutMax"/>

                  <!--Conversation event offers-->
                  <param name="AllowOfferEvent" value="$AllowOfferEvent"/>
                  <param name="ConversationTriggerCue" value="$ConversationTriggerCue"/>

                  <!--Client-->
                  <param name="Client"                 value="$Client"/>
                  <param name="Line_EventOffer"        value="1000101" comment="Client speaks this line from his generic-npc-page"/>
                  <param name="Line_StartConversation" value="null" comment ="Client speaks this line from his generic-npc-page"/>
                  <param name="Line_Goodbye"           value="null" comment="Client speaks this line from his generic-npc-page"/>

                  <param name="DebugChance" value="$DebugChance"/>
                </cue>

                <!--Cue signalled when the offer library is finished-->
                <cue name="Offer_End">
                  <conditions>
                    <event_cue_signalled/>
                  </conditions>
                  <actions>
                    <do_if value="this.$Feedback.$ID == '$accepted_offer'">
                      <signal_cue cue="MissionAccepted"/>
                    </do_if>
                    <do_elseif value="this.$Feedback.$ID == '$DECLINED_OFFER'">
                      <set_value name="$Feedback" exact="'$DECLINED_OFFER'"/>
                      <signal_cue cue="CleanUp" />
                    </do_elseif>
                    <do_elseif value="this.$Feedback.$ID == '$OFFER_REMOVED'">
                      <set_value name="$Feedback" exact="'$OFFER_REMOVED'"/>
                      <signal_cue cue="CleanUp" />
                    </do_elseif>
                    <do_elseif value="this.$Feedback.$ID == '$SIGNAL_LEAK_REMOVED'">
                      <set_value name="$Feedback" exact="'$SIGNAL_LEAK_REMOVED'"/>
                      <signal_cue cue="CleanUp" />
                    </do_elseif>
                    <do_elseif value="this.$Feedback.$ID == '$EVENT_OFFER_TIMEOUT'">
                      <set_value name="$Feedback" exact="'$EVENT_OFFER_TIMEOUT'"/>
                      <signal_cue cue="CleanUp" />
                    </do_elseif>
                  </actions>
                </cue>
              </cues>
            </cue>

            <!--These cues handle the cases where a mission is automatically accepted on creation-->
            <cue name="Without_Offer" onfail="cancel">
              <conditions>
                <check_value value="$WithoutOffer"/>
                <check_value value="not $WithoutOfferWaitCue"/>
              </conditions>
              <actions>
                <signal_cue cue="MissionAccepted" />
              </actions>
            </cue>

            <cue name="Without_Offer_Wait_Cue" onfail="cancel">
              <conditions>
                <check_value value="$WithoutOffer"/>
                <check_value value="$WithoutOfferWaitCue"/>
              </conditions>
              <cues>
                <cue name="Without_Offer_Wait_Cue_Completed">
                  <conditions>
                    <check_any>
                      <event_cue_completed cue="$WithoutOfferWaitCue"/>
                      <check_all>
                        <event_cue_signalled cue="$WithoutOfferWaitCue"/>
                        <check_value value="not event.param? or event.param == $MissionCue"/>
                      </check_all>
                    </check_any>
                  </conditions>
                  <actions>
                    <signal_cue_instantly cue="MissionAccepted" />
                  </actions>
                </cue>
              </cues>
            </cue>

            <!--These cues handle the briefing presentations e.g. Holomap or cutscene render targets (depending on the mission)
            note: play_cutscene action should not be in the actions of the cue with a event_briefing_submission_selected condition. It must be delayed-->
            <cue name="BriefingStarted">
              <conditions>
                <check_any>
                  <event_briefing_started cue="$MissionCue"/>
                  <event_briefing_submission_selected cue="$MissionCue"/>
                </check_any>
              </conditions>
              <actions>
                <set_value name="$RenderTarget" exact="event.param.{1}"/>
                <set_value name="$StartBriefingCutscene"/>
                <set_value name="$stationindex" exact="1"/>
                <debug_text text="'Briefing started'" chance="$DebugChance"/>
              </actions>
              <cues>
                <cue name="DisplayCutscene" onfail="cancel">
                  <conditions>
                    <check_value value="$StartBriefingCutscene?"/>
                  </conditions>
                  <actions>
                    <create_presentation_cluster name="$CutsceneCluster" background="macro.cluster_black_wlight_bg_macro"/>
                    <find_zone name="$CutsceneZone" space="$CutsceneCluster"/>

                    <do_if value="not $CutsceneMacro">
                      <do_if value="$DeployableCategory == deployablecategory.lasertower">
                        <set_value name="$CutsceneMacro" exact="[macro.ship_gen_s_lasertower_01_a_macro].random"/>
                      </do_if>
                      <do_elseif value="$DeployableCategory == deployablecategory.mine">
                        <set_value name="$CutsceneMacro" exact="[macro.weapon_gen_mine_01_macro].random"/>
                      </do_elseif>
                      <do_elseif value="$DeployableCategory == deployablecategory.navbeacon">
                        <set_value name="$CutsceneMacro" exact="[macro.env_deco_nav_beacon_t1_macro].random"/>
                      </do_elseif>
                      <do_elseif value="$DeployableCategory == deployablecategory.resourceprobe">
                        <set_value name="$CutsceneMacro" exact="[macro.eq_arg_resourceprobe_01_macro].random"/>
                      </do_elseif>
                      <do_elseif value="$DeployableCategory == deployablecategory.satellite">
                        <set_value name="$CutsceneMacro" exact="[macro.eq_arg_satellite_01_macro].random"/>
                      </do_elseif>
                    </do_if>

                    <do_if value="@$CutsceneMacro">
                      <create_object name="$CutsceneObject" zone="$CutsceneZone" macro="$CutsceneMacro">
                        <position x="0" y="0" z="0"/>
                      </create_object>

                      <do_if value="$CutsceneObject">
                        <set_value name="$BriefingCutsceneStarted"/>
                        <set_value name="$CutsceneKey" exact="'OrbitIndefinitely'"/>
                        <play_cutscene key="$CutsceneKey" rendertarget="$RenderTarget">
                          <param name="targetobject" object="$CutsceneObject"/>
                        </play_cutscene>
                      </do_if>
                    </do_if>
                  </actions>
                </cue>

                <cue name="BriefingStopped">
                  <conditions>
                    <check_any>
                      <event_briefing_cancelled cue="$MissionCue"/>
                      <event_briefing_submission_unselected cue="$MissionCue"/>
                    </check_any>
                  </conditions>
                  <actions>
                    <do_if value="$BriefingCutsceneStarted?">
                      <!--Temp value. This is used to identify if a cutscene for this mission is still playing.-->
                      <remove_value name="$BriefingCutsceneStarted"/>

                      <stop_cutscene key="$CutsceneKey"/>

                      <do_if value="$CutsceneCluster.exists">
                        <destroy_object object="$CutsceneCluster"/>
                      </do_if>
                      <do_if value="$CutsceneObject.exists">
                        <destroy_object object="$CutsceneObject"/>
                      </do_if>
                    </do_if>

                    <do_if value="$HoloMap?">
                      <remove_holomap />
                      <remove_value name="$HoloMap"/>
                    </do_if>

                    <debug_text text="'Briefing canceled'" chance="$DebugChance"/>
                    <reset_cue cue="BriefingStarted"/>
                  </actions>
                </cue>
              </cues>
            </cue>

            <!--This cue creates the mission itself, either from scratch or via an existing mission offer-->
            <cue name="MissionAccepted">
              <conditions>
                <event_cue_signalled />
              </conditions>
              <actions>
                <do_if value="not $WithoutOffer">
                  <speak actor="$Client" line="1000204" comment="(player accepted mission offer)" />
                </do_if>

                <debug_text text="'Mission accepted!'" chance="$DebugChance"/>
                <set_value name="stat.missions_accepted" operation="add"/>

                <do_if value="$WithoutOffer">
                  <!--$MissionCue may already be a mission cue passed in as a parameter-->
                  <do_if value="not $MissionCue.hasmission">
                    <do_if value="$MissionThread">
                      <create_mission cue="$MissionCue" missionthread="$MissionThread" name="$TextTable.$missionname" description="$TextTable.$description" difficulty="$Difficulty" faction="$ClientOwner" type="$MissionType" reward="$RewardCr" rewardtext="$RewardText"/>
                    </do_if>
                    <do_else>
                      <create_mission cue="$MissionCue" name="$TextTable.$missionname" description="$TextTable.$description" difficulty="$Difficulty" faction="$ClientOwner" type="$MissionType" reward="$RewardCr" rewardtext="$RewardText"/>
                    </do_else>
                  </do_if>

                  <update_mission cue="$MissionCue">
                    <briefing>
                      <objective step="1" action="objective.deploy" text="$TextTable.$objective"/>
                    </briefing>
                  </update_mission>
                </do_if>
                <do_else>
                  <!--Copy data from the offer, then remove it-->
                  <do_if value="$MissionThread">
                    <create_mission cue="$MissionCue" offercue="$MissionCue" missionthread="$MissionThread"/>
                  </do_if>
                  <do_else>
                    <create_mission cue="$MissionCue" offercue="$MissionCue"/>
                  </do_else>
                  <remove_offer cue="$MissionCue"/>
                  <cancel_cue cue="With_Offer"/>
                </do_else>

                <!-- TODO: For creating your own custom GM, the below code consists of the actual mission-logic, this will likely need major changes -->
                <do_if value="$ReportSignalCue">
                  <set_value name="$FeedbackData" exact="$FeedbackManager.$FeedbackValues.$MISSION_ACCEPTED.clone"/>
                  <set_value name="$FeedbackData.$ID" exact="'$MISSION_ACCEPTED'"/>
                  <set_value name="$ReportSignalCue.$FeedbackValue" exact="$FeedbackData.clone" comment="Mission accepted"/>
                  <signal_cue_instantly cue="$ReportSignalCue"/>
                </do_if>

                <signal_cue_instantly cue="md.GenericMissions.GenericAcceptLogbookEntry" param="[$TextTable.$missionname, $Client, $ClientOwner]"/>
              </actions>
              <cues>
                <cue name="ActivateImmediately" onfail="cancel">
                  <conditions>
                    <check_value value="not $MissionThread"/>
                  </conditions>
                  <actions>
                    <signal_cue cue="ActivateMission"/>
                  </actions>
                </cue>

                <cue name="ActivateOnCondition" onfail="cancel">
                  <conditions>
                    <check_value value="$MissionThread"/>
                  </conditions>
                  <actions>
                    <do_if value="$MissionThread.canactivatesubmission.{$MissionCue}">
                      <signal_cue cue="ActivateMission"/>
                      <cancel_cue cue="ActivateOnCondition"/>
                    </do_if>
                  </actions>
                  <cues>
                    <!--TODO @Owen add an event for when a submission has been removed from the thread-->
                    <cue name="CheckMissionThreadState" checkinterval="1s">
                      <conditions>
                        <check_value value="$MissionThread.canactivatesubmission.{$MissionCue}"/>
                      </conditions>
                      <actions>
                        <signal_cue cue="ActivateMission"/>
                        <cancel_cue cue="ActivateOnCondition"/>
                      </actions>
                    </cue>
                  </cues>
                </cue>

                <cue name="ActivateMission">
                  <conditions>
                    <event_cue_signalled/>
                  </conditions>
                  <actions>
                    <set_value name="$StartStep" exact="1"/>
                    <do_if value="$MissionDuration">
                      <update_mission cue="$MissionCue" endtime="player.age + $MissionDuration"/>
                    </do_if>
                  </actions>
                  <cues>

                    <!-- Trigger the RML, which will check the win/lose conditions and report back -->
                    <cue name="DeployInPlace_Ref" ref="md.RML_DeployInPlace.DeployInPlace">
                      <!-- always pass these -->
                      <param name="EndSignalCue"                  value="MissionEnded"/>
                      <param name="MissionCue"                    value="$MissionCue"/>
                      <param name="StartStep"                     value="$StartStep" comment="Briefing step to start the mission on"/>
                      <param name="UpdateBriefing"                value="true" comment="Update the briefing objective step when the objective is updated"/>
                      <param name="DebugChance"                   value="$DebugChance"/>
                      <param name="ObjectiveText"                 value="$TextTable.$objective"/>
                      <param name="ObjectiveText_Plural"          value="$TextTable.$objective_plural"/>
                      <param name="ObjectiveText_InRange"         value="$TextTable.$objective_inrange"/>
                      <param name="ObjectiveText_InRange_Plural"  value="$TextTable.$objective_inrange_plural"/>

                      <!-- mission-related parameters -->
                      <param name="TargetSector"        value="$TargetSector"/>
                      <param name="TargetOffset"        value="$TargetOffset"/>
                      <param name="TargetRadius"        value="$TargetRadius"/>
                      <param name="TargetCount"         value="$TargetCount"/>
                      <param name="DeployableCategory"  value="$DeployableCategory"/>
                      <param name="Faction"             value="$Faction"/>
                    </cue>

                    <cue name="Aborted">
                      <conditions>
                        <event_mission_aborted cue="$MissionCue"/>
                      </conditions>
                      <actions>
                        <signal_cue_instantly cue="md.GenericMissions.GenericAbortLogbookEntry" param="[$TextTable.$missionname, $Client]"/>

                        <set_value name="$Feedback" exact="'$MISSION_ABORTED'"/>
                        <remove_mission cue="$MissionCue" type="aborted"/>
                        <signal_cue cue="CleanUp" />
                      </actions>
                    </cue>

                    <cue name="MissionTimeout" onfail="cancel">
                      <conditions>
                        <check_value value="typeof $MissionDuration == datatype.time"/>
                        <check_value value="$MissionDuration" min="1s"/>
                      </conditions>
                      <delay exact="$MissionDuration"/>
                      <actions>
                        <signal_cue_instantly cue="md.GenericMissions.GenericTimeoutLogbookEntry" param="[$TextTable.$missionname, $Client]"/>

                        <remove_mission cue="$MissionCue" type="failed"/>
                        <set_value name="$Feedback" exact="'$MISSION_TIMEOUT'"/>
                        <signal_cue_instantly cue="CleanUp" />
                      </actions>
                    </cue>

                    <cue name="MissionEnded">
                      <!-- TODO: For creating your own custom GM, you want to handle the end-feedback (usually originating from the RML used above) -->
                      <conditions>
                        <event_cue_signalled/>
                      </conditions>
                      <actions>
                        <!-- Failure case -->
                        <do_if value="MissionEnded.$EndFeedbackValue" max="0">
                          <debug_text text="'This mission has failed. RML Feedback: ' + MissionEnded.$EndFeedbackValue" chance="$DebugChance"/>
                          <set_value name="$Feedback" exact="'$RML_FAILED'"/>
                          <speak actor="$Client" line="1000403" comment="(failed mission)" />
                          <signal_cue_instantly cue="md.GenericMissions.GenericFailLogbookEntry" param="[$TextTable.$missionname, $Client, @MissionEnded.$EndFeedbackText]"/>

                          <remove_mission cue="$MissionCue" type="failed" reason="@MissionEnded.$EndFeedbackText"/>
                        </do_if>

                        <!-- Success case -->
                        <do_else>
                          <!--TODO: Partial success-->
                          <debug_text text="'This mission has ended. RML Feedback: ' + MissionEnded.$EndFeedbackValue" chance="$DebugChance"/>
                          <do_if value="$RewardNotoriety and $ClientOwner">
                            <debug_text text="'Relation was: ' + player.entity.relationto.{$ClientOwner}" chance="$DebugChance"/>
                            <add_faction_relation faction="faction.player" otherfaction="$ClientOwner" value="$RewardNotoriety" reason="relationchangereason.missioncompleted" />
                            <debug_text text="'Relation is now: ' + player.entity.relationto.{$ClientOwner}" chance="$DebugChance"/>
                          </do_if>

                          <do_if value="$RewardCr">
                            <reward_player money="$RewardCr" />
                          </do_if>
                          <do_elseif value="$RewardObj">
                            <do_if value="$RewardObj.isinventory">
                              <add_inventory entity="player.entity" ware="$RewardObj" />
                              <show_notification text="[{1015,100}, '', $RewardText]" sound="notification_achievement" comment="Item received" />
                            </do_if>
                          </do_elseif>
                          <set_value name="stat.missions_completed" operation="add"/>
                          <set_value name="$Feedback" exact="'$MISSION_SUCCEEDED'"/>
                          <speak actor="$Client" line="1000401" comment="(successful mission)" />
                          <signal_cue_instantly cue="md.GenericMissions.GenericCompleteLogbookEntry" param="[$TextTable.$missionname, $Client, null, $RewardCr]"/>

                          <remove_mission cue="$MissionCue" type="completed" activate="next" />
                        </do_else>
                        <signal_cue cue="CleanUp" />
                      </actions>
                    </cue>
                  </cues>
                </cue>
              </cues>
            </cue>
          </cues>
        </cue>

        <cue name="ForceCleanup" onfail="cancel">
          <conditions>
            <check_value value="$ForceCleanup"/>
          </conditions>
          <actions>
            <do_if value="not $ForceCleanup.exists">
              <set_value name="$Feedback" exact="'$INVALID_FORCE_CLEANUP'"/>
              <signal_cue_instantly cue="CleanUp"/>
            </do_if>
          </actions>
          <cues>
            <cue name="ForceCleanup_Wait">
              <conditions>
                <check_any>
                  <event_cue_completed cue="$ForceCleanup"/>
                  <check_all>
                    <event_cue_signalled cue="$ForceCleanup"/>
                    <check_value value="not event.param? or event.param == $MissionCue"/>
                  </check_all>
                </check_any>
              </conditions>
              <actions>
                <set_value name="$Feedback" exact="'$FORCED_CLEANUP'"/>
                <signal_cue_instantly cue="CleanUp"/>
              </actions>
            </cue>
          </cues>
        </cue>

        <cue name="CleanUp">
          <conditions>
            <event_cue_signalled/>
          </conditions>
          <actions>
            <!--Temp value. This is used to identify if a cutscene for this mission is still playing.-->
            <do_if value="$BriefingCutsceneStarted?">
              <remove_value name="$BriefingCutsceneStarted"/>
              <stop_cutscene key="$CutsceneKey"/>

              <do_if value="$CutsceneCluster.exists">
                <destroy_object object="$CutsceneCluster"/>
              </do_if>
              <do_if value="$CutsceneShip.exists">
                <destroy_object object="$CutsceneShip"/>
              </do_if>
            </do_if>
            <do_if value="$HoloMap?">
              <remove_holomap />
              <remove_value name="$HoloMap"/>
            </do_if>


            <!--***Cleanup objects***-->

            <!--No .exists check here as $Client may not be connected to gamegraph-->
            <do_if value="$Client.isclass.npc and (not $PreexistingClient?)">
              <destroy_object object="$Client" comment="cleanup the client we created with create_cue_actor"/>
            </do_if>

            <!--***Evaluate result***-->

            <do_if value="$DebugChance or $ReportSignalCue">
              <set_value name="$FeedbackData" exact="$FeedbackManager.$FeedbackValues.{$Feedback}.clone"/>
              <do_if value="$FeedbackData">
                <set_value name="$FeedbackData.$ID" exact="$Feedback"/>
                <debug_text text="'Mission ended with reason: ' + $FeedbackData.$type + ' - ' + $FeedbackData.$text" chance="$DebugChance"/>
              </do_if>
              <do_else>
                <set_value name="$FeedbackData" exact="table[$ID = 'error_unknown', $type = 'error', $text = 'This is an unknown error']" comment="feedback = id, type and error-text from the above FeedbackValues-table"/>
                <assert value="false" text="'Mission ended with unknown case: ' + $Feedback + ' [Owen]'" break="1"/>
              </do_else>

              <do_if value="$ReportSignalCue" comment ="The cue which called us">
                <set_value name="$ReportSignalCue.$EndFeedbackValue" exact="$FeedbackData" comment="return feedback-data to calling cue"/>
                <signal_cue cue="$ReportSignalCue"/>
              </do_if>
            </do_if>

            <cancel_cue cue="Start"/>
          </actions>
        </cue>

        <!-- [cue, $DeployableCategory, $TargetCount] returns cue.$ResourceCost__Result -->
        <cue name="CalculateResourceCost" instantiate="true" namespace="this">
          <conditions>
            <event_cue_signalled/>
          </conditions>
          <actions>
            <set_value name="event.param.{1}.$ResourceCost__Result" exact="0Cr"/>
            <!-- reimburse cost for deployables -->
            <do_if value="event.param.{2} == deployablecategory.satellite">
              <set_value name="event.param.{1}.$ResourceCost__Result" exact="macro.eq_arg_satellite_01_macro.ware.maxprice * event.param.{3}"/>
            </do_if>
            <do_elseif value="event.param.{2} == deployablecategory.resourceprobe">
              <set_value name="event.param.{1}.$ResourceCost__Result" exact="macro.eq_arg_resourceprobe_01_macro.ware.maxprice * event.param.{3}"/>
            </do_elseif>
            <do_elseif value="event.param.{2} == deployablecategory.navbeacon">
              <set_value name="event.param.{1}.$ResourceCost__Result" exact="macro.env_deco_nav_beacon_t1_macro.ware.maxprice * event.param.{3}"/>
            </do_elseif>
            <do_elseif value="event.param.{2} == deployablecategory.mine">
              <set_value name="event.param.{1}.$ResourceCost__Result" exact="macro.weapon_gen_mine_01_macro.ware.maxprice * event.param.{3}"/>
            </do_elseif>
            <do_elseif value="event.param.{2} == deployablecategory.lasertower">
              <set_value name="event.param.{1}.$ResourceCost__Result" exact="macro.ship_gen_xs_lasertower_01_a_macro.ware.maxprice * event.param.{3}"/>
            </do_elseif>
            <do_else>
              <debug_text text="'Unhandled category: ' + $DeployableCategory" filter="error"/>
            </do_else>
            <set_value name="event.param.{1}.$ResourceCost__Result" exact="event.param.{1}.$ResourceCost__Result / (10Cr) * (10Cr)" comment="round"/>
          </actions>
        </cue>

      </cues>
    </library>

    <!-- MISSION SETUP HELPERS -->

    <!-- input: $DeployableCategory; output: $DropAmount -->
    <library name="ConfigureDifficulty">
      <actions>
        <set_value name="$MissionLevel" exact="if not $MissionLevel? then 1 else $MissionLevel"/>
        <debug_text text="'Missing $MissionLevel input. Set to: ' + $MissionLevel" chance="$DebugChance"/>

        <do_if value="$DeployableCategory == deployablecategory.satellite">
          <set_value name="$DropAmount" exact="1"/>
        </do_if>
        <do_else>
          <set_value name="$DropAmount" min="3" max="12" comment="CalculateResourceCost compensates for larger $DropAmount"/>
        </do_else>
      </actions>
    </library>

    <!--GENERIC MISSION VARIANTS-->

    <cue name="Force_Generic_Var_1" instantiate="true">
      <conditions>
        <event_cue_signalled />
      </conditions>
      <actions>
        <signal_cue cue="md.GenericMissions.RemoveAllOffers" />
        <do_all exact="30">
          <signal_cue_instantly cue="GenerateGenericMission" param="table[$Sector = player.sector, $MissionVariant = 1, $DebugChance = 100]"/>
        </do_all>
      </actions>
      <force name="GM_DeployInPlace_Var_1" />
    </cue>

    <cue name="Force_Generic_Var_2" instantiate="true">
      <conditions>
        <event_cue_signalled />
      </conditions>
      <actions>
        <signal_cue cue="md.GenericMissions.RemoveAllOffers" />
        <do_all exact="30">
          <signal_cue_instantly cue="GenerateGenericMission" param="table[$Sector = player.sector, $MissionVariant = 2, $DebugChance = 100]"/>
        </do_all>
      </actions>
      <force name="GM_DeployInPlace_Var_2" />
    </cue>

    <!-- input: $Faction, Output: $TargetStations of enemy/nemesis stations -->
    <library name="FindStationUnfriendly">
      <actions>
        <find_cluster_in_range name="$LocalClusters" object="player.entity" maxdistance="2" multiple="true"/>
        <do_all exact="$LocalClusters.count" counter="$cluster_i">
          <find_station name="$TargetStations" space="$LocalClusters.{$cluster_i}" multiple="true" append="true">
            <match owner="[faction.player, faction.xenon, faction.ownerless]" negate="true"/>
            <match_relation_to faction="$Faction" comparison= "le" relation="neutral" />
          </find_station>
        </do_all>
      </actions>
    </library>


    <!--event.param = table[
    $Sector,
    $ReportSignalCue (Optional. Cue to be signalled when something happens which could be of interest to the calling cue. Saves values to ReportSignalCue.$FeedbackValue and ReportSignalCue.$EndFeedbackValue)
    $MissionVariant (Optional),
    $RemoveOnSectorChange (Optional, defaults to true)
    $DebugChance (Optional)]-->
    <cue name="GenerateGenericMission" instantiate="true" namespace="this" version="2">
      <conditions>
        <event_cue_signalled/>
      </conditions>
      <actions>
        <set_value name="$Sector"           exact="event.param.$Sector"/>
        <set_value name="$ReportSignalCue"  exact="@event.param.$ReportSignalCue"/>
        <set_value name="$MissionVariant"   exact="@event.param.$MissionVariant"/>
        <do_if value="event.param.$RemoveOnSectorChange?">
          <set_value name="$RemoveOnSectorChange" exact="event.param.$RemoveOnSectorChange"/>
        </do_if>
        <do_else>
          <set_value name="$RemoveOnSectorChange" exact="true"/>
        </do_else>
        <set_value name="$DebugChance"      exact="@event.param.$DebugChance"/>
        <set_value name="$ReportSignalCue.$GM_Wrapper" exact="this"/>

        <set_value name="$FeedbackManager" exact="FeedbackValueManager"/>
        <assert value="$FeedbackManager.$FeedbackValues.$MISSION_NO_VARIANT?" text="'Required error code does not exist. Was the FeedbackValueManager not updated for stand-alone missions? [Owen/Roger]'"/>

        <debug_text text="'Attempting to generate a generic mission'" chance="$DebugChance"/>
      </actions>
      <patch sinceversion="2" state="complete">
        <do_if value="$ReportSignalCue.exists">
          <set_value name="$ReportSignalCue.$GM_Wrapper" exact="this"/>
        </do_if>
        <do_else>
          <debug_text text="'cancelling dead GM instance'" filter="savegame"/>
          <cancel_cue cue="this"/>
        </do_else>
      </patch>
      <cues>

        <cue name="GenerateGenericMission_SelectVariant">
          <actions>
            <set_value name="$ValidVariants" exact="[]"/>

            <!--Set up some common variables first so that the variants don't have to do things multiple times-->

            <!--Find potential offer stations in the sector-->
            <find_station name="$PotentialOfferStations" space="$Sector" multiple="true">
              <match owner="[faction.player, faction.xenon, faction.ownerless]" negate="true"/>
              <match_relation_to object="player.entity" comparison="not" relation="enemy" />
            </find_station>

            <do_if value="$PotentialOfferStations.count">
              <do_if value="$MissionVariant">
                <!--A specific MissionVariant ID was requested-->
                <debug_text text="'Checking if requested ' + $MissionVariant + ' can be spawned'" chance="$DebugChance"/>
                <do_if value="$MissionVariant == 1">
                  <signal_cue_instantly cue="GenerateGenericMission_Variant_1"/>
                </do_if>
                <do_elseif value="$MissionVariant == 2">
                  <signal_cue_instantly cue="GenerateGenericMission_Variant_2"/>
                </do_elseif>
                <do_else>
                  <assert value="false" text="'Unknown $MissionVariant ID ' + $MissionVariant + ' [Owen]'"/>
                </do_else>
              </do_if>
              <do_else>
                <!--Attempt to a mission variant at random-->
                <signal_cue_instantly cue="GenerateGenericMission_Variant_1"/>
                <signal_cue_instantly cue="GenerateGenericMission_Variant_2"/>
              </do_else>
            </do_if>

            <do_if value="$ValidVariants.count">
              <signal_cue cue="$ValidVariants.random"/>
            </do_if>
            <do_else>
              <do_if value="$ReportSignalCue">
                <set_value name="$FeedbackData" exact="$FeedbackManager.$FeedbackValues.$MISSION_NO_VARIANT.clone"/>
                <set_value name="$FeedbackData.$ID" exact="'$MISSION_NO_VARIANT'"/>
                <set_value name="$ReportSignalCue.$FeedbackValue" exact="$FeedbackData.clone" comment="No mission variant possible"/>
                <signal_cue_instantly cue="$ReportSignalCue"/>
              </do_if>
              <cancel_cue cue="GenerateGenericMission"/>
            </do_else>
          </actions>
        </cue>

        <cue name="GenerateGenericMission_Variant_1" namespace="this" comment="Deploy Satellite near sector-entrance">
          <conditions>
            <event_cue_signalled/>
          </conditions>
          <actions>
            <!--this uses its own namespace so grab the shared data from GenerateGenericMission-->
            <set_value name="$Sector" exact="GenerateGenericMission.$Sector"/>
            <set_value name="$DebugChance" exact="GenerateGenericMission.$DebugChance"/>
            <set_value name="$OfferStations" exact="GenerateGenericMission.$PotentialOfferStations.clone"/>
            <shuffle_list list="$OfferStations"/>

            <set_value name="$Sector" exact="player.sector"/>
            <include_actions ref="md.LIB_Generic.FindSectorEntryPoints" comment="input: $Sector, output: $LocalEntryPoints"/>

            <set_value name="$Difficulty" exact="level.veryeasy"/>
            <set_value name="$MissionLevel" exact="1"/>

            <set_value name="$Valid" exact="false"/>

            <do_all exact="$OfferStations.count" counter="$i">
              <set_value name="$Station" exact="$OfferStations.{$i}"/>

              <do_if value="$LocalEntryPoints.count">
                <set_value name="$SelectedEntryPoint" exact="$LocalEntryPoints.random"/>
                <create_position name="$TargetOffset" object="$SelectedEntryPoint" space="player.sector"/>

                <set_value name="$Faction"            exact="$Station.owner"/>
                <set_value name="$TargetSector"       exact="player.sector"/>
                <set_value name="$TargetOffset"       exact="$TargetOffset"/>
                <set_value name="$TargetRadius"       exact="3km"/>
                <set_value name="$DeployableCategory" exact="deployablecategory.satellite"/>

                <set_value name="$Valid" exact="true"/>
                <break/>
              </do_if>

            </do_all>

            <do_if value="$Valid">
              <include_actions ref="ConfigureDifficulty" comment="input: $DeployableCategory; output: $DropAmount"/>
              <append_to_list name="GenerateGenericMission.$ValidVariants" exact="this"/>
            </do_if>
            <do_else>
              <cancel_cue cue="this"/>
            </do_else>
          </actions>
          <cues>
            <cue name="GenerateGenericMission_Variant_1_Trigger">
              <conditions>
                <event_cue_signalled cue="parent"/>
              </conditions>
              <actions>
                <do_any>
                  <set_value name="$TextOffset" exact="1000"/>
                  <set_value name="$TextOffset" exact="1100"/>
                </do_any>

              </actions>
              <cues>
                <cue name="GenerateGenericMission_Variant_1_Ref" ref="Start">
                  <param name="OfferObject"   value="$Station"/>
                  <param name="MissionLevel"  value="$MissionLevel"/>
                  <param name="Difficulty"    value="$Difficulty"/>

                  <!--Mission offer-->
                  <param name="RemoveOnSectorChange" value="@GenerateGenericMission.$RemoveOnSectorChange"/>
                  <param name="BBSSpace" value="$Sector"/>

                  <!--Mission text-->
                  <param name="Page"          value="30136"/>
                  <param name="TextOffset"    value="$TextOffset"/>

                  <!--Mission specific params-->
                  <param name="Faction"             value="$Faction"/>
                  <param name="TargetSector"        value="$TargetSector"/>
                  <param name="TargetOffset"        value="$TargetOffset"/>
                  <param name="TargetRadius"        value="$TargetRadius"/>
                  <param name="TargetCount"         value="$DropAmount"/>
                  <param name="DeployableCategory"  value="$DeployableCategory"/>

                  <param name="ReportSignalCue"     value="@GenerateGenericMission.$ReportSignalCue"/>
                  <param name="DebugChance"         value="@GenerateGenericMission.$DebugChance"/>
                </cue>
              </cues>
            </cue>
          </cues>
        </cue>

        <cue name="GenerateGenericMission_Variant_2" namespace="this" comment="Deploy Mine or Lasertowers (near sector-entrance or near station)">
          <conditions>
            <event_cue_signalled/>
          </conditions>
          <actions>

            <!--this uses its own namespace so grab the shared data from GenerateGenericMission-->
            <set_value name="$Sector" exact="GenerateGenericMission.$Sector"/>
            <set_value name="$DebugChance" exact="GenerateGenericMission.$DebugChance"/>
            <set_value name="$OfferStations" exact="GenerateGenericMission.$PotentialOfferStations.clone"/>
            <shuffle_list list="$OfferStations"/>

            <set_value name="$Difficulty" exact="level.veryeasy"/>
            <set_value name="$MissionLevel" exact="1"/>

            <set_value name="$Valid" exact="false"/>

            <do_all exact="$OfferStations.count" counter="$i">
              <set_value name="$Station" exact="$OfferStations.{$i}"/>
              <set_value name="$Faction" exact="$Station.owner"/>

              <do_any>
                <set_value name="$DeployableCategory" exact="deployablecategory.lasertower"/>
                <set_value name="$DeployableCategory" exact="deployablecategory.mine"/>
              </do_any>

              <do_if value="$DeployableCategory == deployablecategory.mine">
                <do_if value="$Faction == 'holyorder'">
                  <set_value name="$TextOffset" exact="2000" comment="zealous text"/>
                  <set_value name="$FindTarget" exact="'entrypoint'"/>
                </do_if>
                <do_else>
                  <do_any>
                    <do_all>
                      <set_value name="$TextOffset" exact="2100"/>
                      <set_value name="$FindTarget" exact="'entrypoint'"/>
                    </do_all>
                    <do_all>
                      <set_value name="$TextOffset" exact="2200"/>
                      <set_value name="$FindTarget" exact="'station'"/>
                    </do_all>
                  </do_any>
                </do_else>
              </do_if>
              <do_elseif value="$DeployableCategory == deployablecategory.lasertower">
                <do_if value="$Faction == 'holyorder'">
                  <set_value name="$TextOffset" exact="3000" comment="zealous text"/>
                  <set_value name="$FindTarget" exact="'entrypoint'"/>
                </do_if>
                <do_else>
                  <do_any>
                    <do_all>
                      <set_value name="$TextOffset" exact="3100"/>
                      <set_value name="$FindTarget" exact="'entrypoint'"/>
                    </do_all>
                    <do_all>
                      <set_value name="$TextOffset" exact="3200"/>
                      <set_value name="$FindTarget" exact="'station'"/>
                    </do_all>
                  </do_any>
                </do_else>
              </do_elseif>
              <do_else>
                <debug_text text="'Unexpected deployablecategory: ' + $DeployableCategory"/>
              </do_else>

              <do_if value="$FindTarget == 'entrypoint'">
                <set_value name="$Sector" exact="player.sector"/>
                <include_actions ref="md.LIB_Generic.FindSectorEntryPoints" comment="input: $Sector, output: $LocalEntryPoints"/>
                <do_if value="$LocalEntryPoints.count">
                  <set_value name="$SelectedEntryPoint" exact="$LocalEntryPoints.random"/>
                  <create_position name="$TargetOffset" object="$SelectedEntryPoint" space="player.sector"/>
                  <set_value name="$TargetSector"       exact="$SelectedEntryPoint.sector"/>
                  <set_value name="$TargetOffset"       exact="$TargetOffset"/>
                  <set_value name="$TargetRadius"       exact="3km"/>
                  <set_value name="$Valid" exact="true"/>
                  <break/>
                </do_if>
                <do_else>
                  <debug_text text="'No target-entrypoints found!'"/>
                </do_else>
              </do_if>
              <do_elseif value="$FindTarget == 'station'">
                <include_actions ref="FindStationUnfriendly"/>
                <do_if value="$TargetStations.count">
                  <set_value name="$SelectedStation" exact="$TargetStations.random"/>
                  <create_position name="$TargetOffset" object="$SelectedStation" space="$SelectedStation.sector"/>
                  <set_value name="$TargetSector"       exact="$SelectedStation.sector"/>
                  <set_value name="$TargetOffset"       exact="$TargetOffset"/>
                  <set_value name="$TargetRadius"       exact="6km"/>
                  <set_value name="$Valid" exact="true"/>
                  <break/>
                </do_if>
                <do_else>
                  <debug_text text="'No targetstations found! (ignoring)'" chance="$DebugChance"/>
                </do_else>
              </do_elseif>
              <do_else>
                <debug_text text="'Unhandled target (ignoring)'"/>
              </do_else>
            </do_all>

            <do_if value="$Valid">
              <include_actions ref="ConfigureDifficulty" comment="input: $DeployableCategory; output: $DropAmount"/>
              <append_to_list name="GenerateGenericMission.$ValidVariants" exact="this"/>
            </do_if>
            <do_else>
              <cancel_cue cue="this"/>
            </do_else>
          </actions>
          <cues>
            <cue name="GenerateGenericMission_Variant_2_Trigger">
              <conditions>
                <event_cue_signalled cue="parent"/>
              </conditions>
              <cues>
                <cue name="GenerateGenericMission_Variant_2_Ref" ref="Start">
                  <param name="OfferObject"   value="$Station"/>
                  <param name="MissionLevel"  value="$MissionLevel"/>
                  <param name="Difficulty"    value="$Difficulty"/>

                  <!--Mission offer-->
                  <param name="RemoveOnSectorChange" value="@GenerateGenericMission.$RemoveOnSectorChange"/>
                  <param name="BBSSpace"             value="$Sector"/>

                  <!--Mission text-->
                  <param name="Page"                value="30136"/>
                  <param name="TextOffset"          value="$TextOffset"/>

                  <!--Mission specific params-->
                  <param name="Faction"             value="$Faction"/>
                  <param name="TargetSector"        value="$TargetSector"/>
                  <param name="TargetOffset"        value="$TargetOffset"/>
                  <param name="TargetRadius"        value="$TargetRadius"/>
                  <param name="TargetCount"         value="$DropAmount"/>
                  <param name="DeployableCategory"  value="$DeployableCategory"/>

                  <param name="ReportSignalCue"     value="@GenerateGenericMission.$ReportSignalCue"/>
                  <param name="DebugChance"         value="@GenerateGenericMission.$DebugChance"/>
                </cue>
              </cues>
            </cue>
          </cues>
        </cue>

      </cues>
    </cue>

    <!--event.param = table[
    $Location,
    $ReportSignalCue (Optional. Cue to be signalled when something happens which could be of interest to the calling cue. Saves values to ReportSignalCue.$FeedbackValue and ReportSignalCue.$EndFeedbackValue)
    $MissionVariant (Optional),
    $RemoveOnDespawn (Optional, defaults to true. Remove the mission when the object has changed to low attention and NPCs are usually cleaned up)
    $DebugChance (Optional)]-->
    <cue name="GenerateNPCMission" instantiate="true" namespace="this">
      <conditions>
        <event_cue_signalled/>
      </conditions>
      <actions>
        <set_value name="$Location"           exact="event.param.$Location"/>
        <set_value name="$ReportSignalCue"    exact="@event.param.$ReportSignalCue"/>
        <set_value name="$MissionVariant"     exact="@event.param.$MissionVariant"/>

        <do_if value="event.param.$RemoveOnDespawn?">
          <set_value name="$RemoveOnDespawn"  exact="event.param.$RemoveOnDespawn"/>
        </do_if>
        <do_else>
          <set_value name="$RemoveOnDespawn"  exact="true"/>
        </do_else>

        <set_value name="$DebugChance"        exact="@event.param.$DebugChance"/>
        <set_value name="$ReportSignalCue.$GM_Wrapper" exact="this"/>

        <signal_cue_instantly cue="md.GenericMissions.Validate_NPC_Mission_GM_Feedback_Table" param="FeedbackValueManager"/>

        <debug_text text="'Attempting to generate a generic NPC mission'" chance="$DebugChance"/>
      </actions>
      <cues>

        <cue name="GenerateNPCMission_SelectVariant">
          <actions>
            <set_value name="$ValidVariants" exact="[]"/>

            <set_value name="$LocationOwner" exact="$Location.owner"/>

            <do_if value="$MissionVariant">
              <!--A specific MissionVariant ID was requested-->
              <debug_text text="'Checking if requested ' + $MissionVariant + ' can be spawned'" chance="$DebugChance"/>
              <do_if value="$MissionVariant == 1">
                <signal_cue_instantly cue="GenerateNPCMission_Variant_1"/>
              </do_if>
              <do_else>
                <assert value="false" text="'Unknown $MissionVariant ID ' + $MissionVariant + ' [Owen]'"/>
              </do_else>
            </do_if>
            <do_else>
              <!--Attempt to a mission variant at random-->

              <signal_cue_instantly cue="GenerateNPCMission_Variant_1"/>
            </do_else>

            <do_if value="$ValidVariants.count">
              <signal_cue cue="$ValidVariants.random"/>
            </do_if>
            <do_else>
              <do_if value="$ReportSignalCue">
                <set_value name="$FeedbackData" exact="FeedbackValueManager.$FeedbackValues.$MISSION_NO_VARIANT.clone"/>
                <set_value name="$FeedbackData.$ID" exact="'$MISSION_NO_VARIANT'"/>
                <set_value name="$ReportSignalCue.$FeedbackValue" exact="$FeedbackData.clone" comment="No mission variant possible"/>
                <signal_cue_instantly cue="$ReportSignalCue"/>
              </do_if>
              <cancel_cue cue="GenerateNPCMission"/>
            </do_else>
          </actions>
        </cue>

        <cue name="GenerateNPCMission_Variant_1" namespace="this" comment="Deploy Satellite near sector-entrance">
          <conditions>
            <event_cue_signalled/>
          </conditions>
          <actions>
            <!--this uses its own namespace so grab the shared data from GenerateNPCMission-->
            <set_value name="$Location" exact="GenerateNPCMission.$Location"/>
            <set_value name="$DebugChance" exact="GenerateNPCMission.$DebugChance"/>

            <set_value name="$Sector" exact="player.sector"/>
            <include_actions ref="md.LIB_Generic.FindSectorEntryPoints" comment="input: $Sector, output: $LocalEntryPoints"/>

            <set_value name="$Difficulty" exact="level.veryeasy"/>
            <set_value name="$MissionLevel" exact="1"/>

            <set_value name="$Valid" exact="false"/>

            <do_if value="$LocalEntryPoints.count">
              <set_value name="$SelectedEntryPoint" exact="$LocalEntryPoints.random"/>
              <create_position name="$TargetOffset" object="$SelectedEntryPoint" space="player.sector"/>

              <do_if value="[0,1].random">
                <set_value name="$Station"            exact="$Location"/>
                <set_value name="$Faction"            exact="$Station.owner"/>
                <set_value name="$TargetSector"       exact="player.sector"/>
                <set_value name="$TargetOffset"       exact="$TargetOffset"/>
                <set_value name="$TargetRadius"       exact="3km"/>
                <set_value name="$DeployableCategory" exact="deployablecategory.satellite"/>
                <do_any>
                  <set_value name="$TextOffset" exact="1000"/>
                  <set_value name="$TextOffset" exact="1100"/>
                </do_any>
                <set_value name="$Valid" exact="true"/>
              </do_if>
              <do_else>
                <set_value name="$Station"            exact="$Location"/>
                <set_value name="$Faction"            exact="$Station.owner"/>
                <set_value name="$TargetSector"       exact="player.sector"/>
                <do_any>
                  <set_value name="$DeployableCategory" exact="deployablecategory.lasertower"/>
                  <set_value name="$DeployableCategory" exact="deployablecategory.mine"/>
                </do_any>

                <do_if value="$DeployableCategory == deployablecategory.mine">
                  <do_if value="$Faction == 'holyorder'">
                    <set_value name="$TextOffset" exact="2000" comment="zealous text"/>
                    <set_value name="$FindTarget" exact="'entrypoint'"/>
                    <debug_text text="'Deploy Mines found'"/>
                  </do_if>
                  <do_else>
                    <do_any>
                      <do_all>
                        <set_value name="$TextOffset" exact="2100"/>
                        <set_value name="$FindTarget" exact="'entrypoint'"/>
                      </do_all>
                      <do_all>
                        <set_value name="$TextOffset" exact="2200"/>
                        <set_value name="$FindTarget" exact="'station'"/>
                      </do_all>
                    </do_any>
                  </do_else>
                </do_if>
                <do_elseif value="$DeployableCategory == deployablecategory.lasertower">
                  <do_if value="$Faction == 'holyorder'">
                    <set_value name="$TextOffset" exact="3000" comment="zealous text"/>
                    <set_value name="$FindTarget" exact="'entrypoint'"/>
                  </do_if>
                  <do_else>
                    <do_any>
                      <do_all>
                        <set_value name="$TextOffset" exact="3100"/>
                        <set_value name="$FindTarget" exact="'entrypoint'"/>
                      </do_all>
                      <do_all>
                        <set_value name="$TextOffset" exact="3200"/>
                        <set_value name="$FindTarget" exact="'station'"/>
                      </do_all>
                    </do_any>
                  </do_else>
                </do_elseif>
                <do_else>
                  <debug_text text="'Unexpected deployablecategory: ' + $DeployableCategory"/>
                </do_else>

                <do_if value="$FindTarget == 'entrypoint'">
                  <set_value name="$Sector" exact="player.sector"/>
                  <include_actions ref="md.LIB_Generic.FindSectorEntryPoints" comment="input: $Sector, output: $LocalEntryPoints"/>
                  <do_if value="$LocalEntryPoints.count">
                    <set_value name="$SelectedEntryPoint" exact="$LocalEntryPoints.random"/>
                    <create_position name="$TargetOffset" object="$SelectedEntryPoint" space="player.sector"/>
                    <set_value name="$TargetSector"       exact="$SelectedEntryPoint.sector"/>
                    <set_value name="$TargetOffset"       exact="$TargetOffset"/>
                    <set_value name="$TargetRadius"       exact="3km"/>
                    <set_value name="$Valid" exact="true"/>
                    <break/>
                  </do_if>
                  <do_else>
                    <debug_text text="'No target-entrypoints found!'"/>
                  </do_else>
                </do_if>
                <do_elseif value="$FindTarget == 'station'">
                  <include_actions ref="FindStationUnfriendly"/>
                  <do_if value="$TargetStations.count">
                    <set_value name="$SelectedStation" exact="$TargetStations.random"/>
                    <create_position name="$TargetOffset" object="$SelectedStation" space="$SelectedStation.sector"/>
                    <set_value name="$TargetSector"       exact="$SelectedStation.sector"/>
                    <set_value name="$TargetOffset"       exact="$TargetOffset"/>
                    <set_value name="$TargetRadius"       exact="6km"/>
                    <set_value name="$Valid" exact="true"/>
                    <break/>
                  </do_if>
                  <do_else>
                    <debug_text text="'No targetstations found! (ignoring)'"/>
                  </do_else>
                </do_elseif>
                <do_else>
                  <debug_text text="'Unhandled target (ignoring)'"/>
                </do_else>
              </do_else>
            </do_if>

            <do_if value="$Valid">
              <include_actions ref="ConfigureDifficulty" comment="input: $DeployableCategory; output: $DropAmount"/>
              <append_to_list name="GenerateNPCMission.$ValidVariants" exact="this"/>
            </do_if>
            <do_else>
              <cancel_cue cue="this"/>
            </do_else>
          </actions>
          <cues>
            <cue name="GenerateNPCMission_Variant_1_Triggered">
              <conditions>
                <event_cue_signalled cue="parent"/>
              </conditions>
              <actions>
                <set_value name="$Client" exact="null"/>
                <set_value name="$SceneInstance" exact="null"/>
              </actions>
              <cues>
                <cue name="GenerateNPCMission_Variant_1_Select_Scene">
                  <actions>
                    <!--Attempt to create the NPC scene-->
                    <!--TODO @Owen selection of scene-->
                    <set_value name="$Scenes" exact="[md.NPC_Missions.Scene__Friendly_Client_Via_Comm_1]"/>
                    <shuffle_list list="$Scenes"/>

                    <do_all exact="$Scenes.count" counter="$i">
                      <do_if value="$Scenes.{$i} == md.NPC_Missions.Scene__Friendly_Client_Via_Comm_1">
                        <set_value name="$Scene_Definition" exact="table[
                                              $CallerCue = namespace,
                                              $Location = $Location,
                                              $Client = $Client,
                                              $ClientOwner = $Location.owner,
                                              $CallerEventCue = GenerateNPCMission_Variant_1_GM_Signal]"/>

                        <signal_cue_instantly cue="$Scenes.{$i}" param="$Scene_Definition"/>

                        <do_if value="@$Scene_Definition.$Result == 'SUCCESS'">
                          <set_value name="$SceneInstance" exact="$Scene_Definition.$SceneInstance"/>
                          <set_value name="$Client" exact="$Scene_Definition.$Client"/>
                          <set_entity_role entity="$Client" role="entityrole.service"/>
                          <set_value name="$Client.$role_object" exact="$Location"/>
                          <signal_cue cue="GenerateNPCMission_Variant_1_Trigger"/>
                          <break/>
                        </do_if>
                      </do_if>
                    </do_all>
                    <debug_text text="'Client is: ' + $Client + ' SceneInstance is: ' + $SceneInstance" chance="$DebugChance"/>
                    <do_if value="not $Client or not $SceneInstance">
                      <set_value name="$FeedbackData" exact="FeedbackValueManager.$FeedbackValues.$MISSION_NO_NPC_SCENE.clone"/>
                      <set_value name="$FeedbackData.$ID" exact="'$MISSION_NO_NPC_SCENE'"/>
                      <set_value name="GenerateNPCMission.$ReportSignalCue.$FeedbackValue" exact="$FeedbackData" comment="Can't set up NPC scene"/>
                      <signal_cue_instantly cue="GenerateNPCMission.$ReportSignalCue"/>
                      <cancel_cue cue="this"/>
                    </do_if>
                  </actions>

                  <cues>
                    <cue name="GenerateNPCMission_Variant_1_Scene_Ended">
                      <conditions>
                        <event_cue_cancelled cue="$SceneInstance"/>
                      </conditions>
                      <actions>
                        <do_if value="@$MissionAccepted">
                          <debug_text text="'Scene ended due to mission being accepted'" chance="$DebugChance"/>
                        </do_if>
                        <do_else>
                          <set_value name="$FeedbackData" exact="FeedbackValueManager.$FeedbackValues.$OFFER_REMOVED.clone"/>
                          <set_value name="$FeedbackData.$ID" exact="'$OFFER_REMOVED'"/>
                          <set_value name="GenerateNPCMission.$ReportSignalCue.$FeedbackValue" exact="$FeedbackData"/>
                          <signal_cue_instantly cue="GenerateNPCMission.$ReportSignalCue"/>
                        </do_else>
                      </actions>
                    </cue>
                  </cues>
                </cue>

                <!--Cue which the scene is listening to. There are several standard -->
                <!--This cue is to be signalled by the GM when certain events happen e.g. mission accepted / mission failed / error
                A feedback table is saved to either:
                static.$FeedbackValue
                or 
                static.$EndFeedbackValue (in the event that the GM will end)
                This cue will pass the feedback table onto the caller of the GM (GenerateNPCMission.$ReportSignalCue), so the GM can be managed
                The scene can also listen to this cue to react to certain events e.g. mission accepted-->
                <cue name="GenerateNPCMission_Variant_1_GM_Signal" instantiate="true">
                  <conditions>
                    <event_cue_signalled/>
                  </conditions>
                  <actions>
                    <do_if value="@static.$EndFeedbackValue" comment="Evaluate return-value of GM (success/failure)">
                      <debug_text text="'Mission ended. feedback' + static.$EndFeedbackValue" chance="$DebugChance"/>

                      <do_if value="$Client.isclass.npc">
                        <do_if value="$Client.parent">
                          <!--Set entity to temporary so they are cleaned up-->
                          <set_entity_traits entity="$Client" temporary="true"/>
                        </do_if>
                        <do_else>
                          <destroy_object object="$Client"/>
                        </do_else>
                      </do_if>

                      <!--This will cause this instance to end-->
                      <set_value name="GenerateNPCMission.$ReportSignalCue.$EndFeedbackValue" exact="static.$EndFeedbackValue"/>
                      <signal_cue_instantly cue="GenerateNPCMission.$ReportSignalCue" param="@event.param"/>
                    </do_if>
                    <do_elseif value="@static.$FeedbackValue">
                      <debug_text text="'Mission signalled with feedback' + static.$FeedbackValue" chance="$DebugChance"/>
                      <set_value name="GenerateNPCMission.$ReportSignalCue.$FeedbackValue" exact="static.$FeedbackValue"/>
                      <signal_cue_instantly cue="GenerateNPCMission.$ReportSignalCue" param="@event.param"/>
                    </do_elseif>
                  </actions>
                </cue>

                <cue name="GenerateNPCMission_Variant_1_Trigger">
                  <conditions>
                    <event_cue_signalled/>
                  </conditions>
                  <actions>

                    <set_value name="$SpokeToClient" exact="false"/>
                    <set_value name="$Client.$MissionOfferState" exact="'offering'"/>
                  </actions>
                  <cues>
                    <cue name="GenerateNPCMission_Variant_1_Ref" ref="Start">
                      <param name="Client"        value="$Client"/>
                      <param name="OfferObject"   value="$Location"/>
                      <param name="Difficulty"    value="$Difficulty"/>
                      <param name="MissionLevel"  value="$MissionLevel"/>

                      <!--Mission offer-->
                      <param name="ConversationOffer"       value="true"/>
                      <param name="ConversationTriggerCue"  value="GenerateNPCMission_Variant_1_Show_Briefing"/>

                      <!--Mission text-->
                      <param name="Page"              value="30136"/>
                      <param name="TextOffset"        value="$TextOffset"/>

                      <!--Mission specific params-->

                      <param name="Faction"             value="$Faction"/>
                      <param name="TargetSector"        value="$TargetSector"/>
                      <param name="TargetOffset"        value="$TargetOffset"/>
                      <param name="TargetRadius"        value="$TargetRadius"/>
                      <param name="TargetCount"         value="$DropAmount"/>
                      <param name="DeployableCategory"  value="$DeployableCategory"/>

                      <param name="ReportSignalCue"     value="GenerateNPCMission_Variant_1_GM_Signal"/>
                      <param name="DebugChance"         value="@GenerateNPCMission.$DebugChance"/>
                    </cue>

                    <cue name="GenerateNPCMission_Variant_1_Debug_Guidance" onfail="cancel">
                      <conditions>
                        <check_value value="$DebugChance == 100"/>
                      </conditions>
                      <actions>
                        <create_mission cue="this" name="'Guidance to mission'" description="'Helper guidance to mission NPC'" difficulty="level.trivial" faction="faction.player" type="missiontype.destroy">
                          <briefing>
                            <objective step="1" action="objective.talkto" object="$Client"/>
                          </briefing>
                          <objective step="1" action="objective.talkto" object="$Client"/>
                        </create_mission>
                      </actions>
                      <cues>
                        <cue name="KeepAlive">
                          <conditions>
                            <event_cue_signalled/>
                          </conditions>
                        </cue>
                      </cues>
                    </cue>

                    <!--Conversation handlers-->
                    <cue name="GenerateNPCMission_Variant_1_Next_Section" instantiate="true">
                      <conditions>
                        <event_conversation_next_section actor="$Client" section="g_askformission"/>
                      </conditions>
                      <actions>
                        <add_npc_line speaker="$Client" line="1000103" comment="You'll need your wits about you for this."/>
                        <set_conversation_return_section section="g_goodbye" />
                        <signal_cue_instantly cue="GenerateNPCMission_Variant_1_Show_Briefing"/>
                      </actions>
                    </cue>

                    <cue name="GenerateNPCMission_Variant_1_Show_Briefing" instantiate="true">
                      <conditions>
                        <event_cue_signalled/>
                      </conditions>
                    </cue>

                    <!--We need this cue here reacting to this event to set the blackboard variable as soon as possible-->
                    <cue name="GenerateNPCMission_Variant_1_Mission_Accepted">
                      <conditions>
                        <event_object_signalled object="$Client" param="'accept'" />
                      </conditions>
                      <actions>
                        <set_value name="$Client.$MissionOfferState" exact="'accepted'"/>
                      </actions>
                    </cue>

                    <!--This cue will trigger slightly later than the one setting the $Client.$MissionOfferState blackboard variable to 'accepted'-->
                    <cue name="GenerateNPCMission_Variant_1_Mission_Accepted_2">
                      <conditions>
                        <event_cue_signalled cue="GenerateNPCMission_Variant_1_GM_Signal"/>
                        <check_value value="GenerateNPCMission_Variant_1_GM_Signal.$FeedbackValue.$ID == '$MISSION_ACCEPTED'"/>
                      </conditions>
                      <actions>
                        <assert value="$Client.$MissionOfferState == 'accepted'" text="'The mission offer state of the client is not - accepted -. State: ' + $Client.$MissionOfferState"/>
                        <set_value name="$MissionAccepted" exact="true"/>
                        <!--Set actor to not-temporary so that it will not automatically be destroyed in low attention-->
                        <set_entity_traits entity="$Client" missionactor="true" temporary="false"/>
                      </actions>
                      <cues>
                        <!--NPC location handlers-->

                        <!--For this mission, we only care about the location of the $Client on the station.
                        Once the mission is accepted, these cues will take care of disconnecting the client in low-attention and reconnecting them in a suitable place on high-attention-->

                        <cue name="GenerateNPCMission_Variant_1_Manage_Client" ref="md.NPC_Instantiation.ManageIndividual">
                          <param name="RequesterCue"  value="namespace"/>
                          <param name="NPC"           value="$Client"     comment="The NPC to be placed"/>
                          <param name="Location"      value="$Location"   comment="The object the NPC should be placed on (must have NPC slots e.g. station, ship, room, dockarea)"/>
                          <param name="AllowFallback" value="true"        comment="If no suitable slot is found, attempt to place the NPC on the object with less restrictions. (ignore 'SlotTags' or place the NPC on other rooms within the object)"/>
                          <param name="DebugChance"   value="@GenerateNPCMission.$DebugChance"/>
                        </cue>
                      </cues>
                    </cue>
                  </cues>
                </cue>
              </cues>
            </cue>
          </cues>
        </cue>
      </cues>
    </cue>

  </cues>
</mdscript>