<?xml version="1.0" encoding="utf-8"?>
<mdscript name="RML_Drop_Objects" xmlns:xsi="http://www.w3.org/2001/XMLSchema-instance" xsi:noNamespaceSchemaLocation="md.xsd">
  <cues>

    <!--
    $feedbackvalue:
    Mission Errors <=-100
    -103: No drop macro defined
    -102: EndSignalCue or MissionCue not defined
    -101: No valid $Locations defined
    -100: Undefined failure. Defaulted to -100
    
    Player Fails
    -1: 
    
    Player Success
    1: Player dropped all objects-->

    <library name="DropObjects">
      <params>
        <param name="EndSignalCue"/>
        <param name="MissionCue"/>
        <param name="StartStep" default="1" comment="Briefing step to start the mission on"/>
        <param name="UpdateBriefing" default="true" comment="Update the briefing objective step when the objective is updated"/>

        <!--Locations list definition:
        [[$Zone, $Position, $Radius], [$Zone, $Position, $Radius],...]-->
        <param name="Locations"/>
        <param name="DropMacro"/>
        <param name="SetNearest" default="true" comment="Point to the next nearest? Otherwise in order of the list."/>

        <param name="DebugChance" default="0"/>
      </params>
      <actions>
        <set_value name="$feedbackvalue" exact="0"/>
        <create_list name="$ErrorList"/>

        <do_if value="not $EndSignalCue or not $MissionCue">
          <append_to_list name="$ErrorList" exact="-102"/>
        </do_if>
        <do_elseif value="typeof $DropMacro != datatype.macro">
          <append_to_list name="$ErrorList" exact="-103"/>
        </do_elseif>
        <do_else>
          <set_value name="$Loc_Zone" exact="1"/>
          <set_value name="$Loc_Pos" exact="2"/>
          <set_value name="$Loc_Radius" exact="3"/>

          <do_all exact="$Locations.count" counter="$i" reverse="true">
            <do_if value="not $Locations.{$i}.{$Loc_Zone}.isclass.zone or $Locations.{$i}.{$Loc_Radius} lt 10m">
              <debug_text text="'$Location not valid: ' + $Locations.{$i}"/>
              <remove_value name="$Locations.{$i}"/>
            </do_if>
          </do_all>

          <do_if value="not $Locations.count">
            <append_to_list name="$ErrorList" exact="-102"/>
          </do_if>
        </do_else>

      </actions>
      <cues>

        <cue name="Signal_Cleanup" onfail="cancel">
          <conditions>
            <check_value value="$ErrorList.count" min="1"/>
          </conditions>
          <actions>
            <signal_cue cue="Cleanup"/>
          </actions>
        </cue>

        <cue name="StartMission" onfail="cancel">
          <conditions>
            <check_value value="$ErrorList.count" exact="0"/>
          </conditions>
          <actions>
            <set_value name="$Target" exact="null"/>
            <set_value name="$DoneLocations" exact="[]"/>
          </actions>
          <cues>
            <cue name="ChooseTarget">
              <actions>
                <set_value name="$PreviousTarget" exact="$Target"/>
                <set_value name="$Target" exact="null"/>

                <do_if value="$SetNearest">
                  <set_value name="$NearestDist" exact="null"/>
                  <do_all exact="$Locations.count" counter="$i">
                    <do_if value="not $Target and $Locations.{$i}.{$Loc_Zone}.sector == player.sector">
                      <set_value name="$Target" exact="$Locations.{$i}"/>
                      <set_value name="$NearestDist" exact="player.entity.distanceto.[$Locations.{$i}.{$Loc_Zone}, $Locations.{$i}.{$Loc_Pos}]"/>
                    </do_if>
                    <do_elseif value="$Target and $Locations.{$i}.{$Loc_Zone}.sector == player.sector">
                      <do_if value="player.entity.distanceto.[$Locations.{$i}.{$Loc_Zone}, $Locations.{$i}.{$Loc_Pos}] lt $NearestDist">
                        <set_value name="$Target" exact="$Locations.{$i}"/>
                        <set_value name="$NearestDist" exact="player.entity.distanceto.[$Locations.{$i}.{$Loc_Zone}, $Locations.{$i}.{$Loc_Pos}]"/>
                      </do_if>
                    </do_elseif>
                  </do_all>
                </do_if>

                <do_if value="not $Target">
                  <set_value name="$Target" exact="$Locations.{$i}"/>
                </do_if>

                <do_if value="$UpdateBriefing">
                  <update_mission cue="$MissionCue">
                    <briefing>
                      <objective step="$StartStep" action="objective.drop" text="$DropMacro.name"/>
                    </briefing>
                  </update_mission>
                </do_if>
              </actions>
              <cues>
                <cue name="FlyToTest_Ref" ref="md.RML_FlyTo.FlyTo">
                  <param name="MissionCue" value="$MissionCue"/>
                  <param name="StartStep" value="$StartStep" comment="Briefing step to start the mission on"/>
                  <param name="UpdateBriefing" value="false"/>

                  <param name="Target" value="$Target.{$Loc_Zone}"/>
                  <param name="Offset" value="$Target.{$Loc_Pos}"/>
                  <param name="Distance" value="$Target.{$Loc_Radius}"/>

                  <param name="EndOnCompletion" value="false" comment="End this RML when the player has reached the destination. WARNING: If false, the caller must end the library."/>
                  <param name="ReachedTargetSignalCue" value="InArea" comment="Cue to be signalled when player reaches the destination"/>
                  <param name="FireReachedTargetOnInit" value="true"/>
                  <param name="LeftTargetSignalCue" value="LeftDestination"/>

                  <param name="DebugChance" value="$DebugChance"/>
                </cue>

                <cue name="LeftDestination" instantiate="true">
                  <conditions>
                    <event_cue_signalled/>
                  </conditions>
                  <actions>
                    <reset_cue cue="InArea"/>
                  </actions>
                </cue>

                <cue name="InArea" instantiate="true">
                  <conditions>
                    <event_cue_signalled/>
                  </conditions>
                  <actions>
                    <set_objective cue="$MissionCue" step="$StartStep" action="objective.drop" text="$DropMacro.name"/>
                  </actions>
                </cue>
              </cues>
            </cue>
            
            <cue name="ObjectDropped" instantiate="true">
              <conditions>
                <check_any>
                  <event_object_signalled object="player.entity" param="'player_dropped_object'"/>
                  <event_object_dropped_objects group="global.$PlayerOccupiedShipGroup"/>
                </check_any>
              </conditions>
              <actions>
                <do_if value="event.name" exact="'event_object_signalled'">
                  <set_value name="$dropped" exact="event.param2"/>
                </do_if>
                <do_else>
                  <set_value name="$dropped" exact="event.param"/>
                </do_else>
                <do_all exact="$dropped.count" counter="$i">
                  <debug_text text="'player dropped  ' + $dropped.{$i}" chance="$DebugChance"/>
                  <do_if value="$dropped.{$i}.macro.ismacro.{$DropMacro}">
                    <!--See if the drop happened in any of the $Locations-->
                    <do_all exact="$Locations.count" counter="$o">
                      <do_if value="$dropped.{$i}.sector == $Locations.{$o}.{$Loc_Zone}.sector">
                        <do_if value="$dropped.{$i}.distanceto.[$Locations.{$o}.{$Loc_Zone}, $Locations.{$o}.{$Loc_Pos}]" max="$Locations.{$o}.{$Loc_Radius} + $dropped.{$i}.size + 10m">
                          <append_to_list name="$DoneLocations" exact="$Locations.{$o}.clone"/>
                          <remove_value name="$Locations.{$o}"/>
                          <break/>
                        </do_if>
                      </do_if>
                    </do_all>
                  </do_if>
                </do_all>

                <do_if value="$Locations.count">
                  <reset_cue cue="ChooseTarget"/>
                </do_if>
                <do_else>
                  <set_value name="$feedbackvalue" exact="1" />
                  <signal_cue cue="Cleanup"/>
                </do_else>
              </actions>
            </cue>
          </cues>
        </cue>

        <cue name="Cleanup">
          <conditions>
            <event_cue_signalled/>
          </conditions>
          <actions>
            <!--TODO remove_objective-->

            <do_if value="$feedbackvalue" exact="0">
              <do_if value="$ErrorList.count" exact="0">
                <debug_text text="'ERROR: RML_Drop_Objects.Cleanup - Feedback value is 0 and no error values were set. Defaulting to -100'"/>
                <set_value name="$feedbackvalue" exact="-100"/>
              </do_if>
              <do_else>
                <set_value name="$feedbackvalue" exact="$ErrorList.{1}"/>

                <do_if value="md.$RML_Debugging">
                  <do_all exact="$ErrorList.count" counter="$Counter">
                    <do_if value="$ErrorList.{$Counter}" exact="-103">
                      <set_value name="$FeedbackText" exact="' No drop macro defined'"/>
                    </do_if>
                    <do_elseif value="$ErrorList.{$Counter}" exact="-102">
                      <set_value name="$FeedbackText" exact="'EndSignalCue or MissionCue not defined'"/>
                    </do_elseif>
                    <do_elseif value="$ErrorList.{$Counter}" exact="-101">
                      <set_value name="$FeedbackText" exact="'No valid $Locations defined'"/>
                    </do_elseif>
                    <do_elseif value="$ErrorList.{$Counter}" exact="-100">
                      <set_value name="$FeedbackText" exact="'Undefined failure. Defaulted to -100'"/>
                    </do_elseif>
                    <do_else>
                      <set_value name="$FeedbackText" exact="'Error: Unknown error value'"/>
                    </do_else>

                    <debug_text text="'Mission Error. Feedback id: ' + $ErrorList.{$Counter} + ' - ' + $FeedbackText" filter="error"/>
                  </do_all>
                </do_if>
              </do_else>
            </do_if>
            <do_else>

              <do_if value="$feedbackvalue" exact="1">
                <set_value name="$FeedbackText" exact="'Player dropped all objects'"/>
              </do_if>

              <do_if value="$feedbackvalue" min="1">
                <debug_text text="'Mission Successful. Feedback id: ' + $feedbackvalue + ' - ' + $FeedbackText" chance="md.$RML_Debugging * $DebugChance"/>
              </do_if>
              <do_elseif value="@$FeedbackText">
                <set_value name="$EndSignalCue.$EndFeedbackText" exact="$FeedbackText"/>
                <debug_text text="'Mission Failed. Feedback id: ' + $feedbackvalue + ' - ' + $FeedbackText" chance="md.$RML_Debugging * $DebugChance"/>
              </do_elseif>
              <do_else>
                <debug_text text="'WARNING: Unhandled feedback value ' + $feedbackvalue" chance="$DebugChance"/>
              </do_else>

            </do_else>

            <set_value name="$EndSignalCue.$EndFeedbackValue" exact="$feedbackvalue"/>
            <signal_cue cue="$EndSignalCue"/>
            <cancel_cue cue="DropObjects"/>
          </actions>
        </cue>
      </cues>
    </library>
  </cues>
</mdscript>