﻿<?xml version="1.0" encoding="utf-8"?>
<mdscript name="RML_Player_NPC_Patrol" xmlns:xsi="http://www.w3.org/2001/XMLSchema-instance" xsi:noNamespaceSchemaLocation="md.xsd">
  <cues>
    <!-- 
    $FeedbackValue:
    Mission Errors <= 100
    -105: No $Time was defined.
    -104: Neither an $Area nor a $Station were defined.
    -103: No $ShipType was defined. 
    -102: EndSignalCue was not defined.
    -101: Mission cue was not defined.
    -100: Undefined error. Defaulted to -100 
    
    Player Failures <= -1
    -1: Player NPCs left area before patrol time was up
    
    Player Success:
    1: Player NPCs successfully patrolled area for correct amount of time.-->

    <library name="PlayerNpcPatrol">
      <params>
        <!-- RML Integration Parameters -->
        <param name="EndSignalCue" comment="Must be provided." />
        <param name="MissionCue" />
        <param name="StartStep" default="1" comment="Briefing step to start the mission on." />
        <param name="UpdateBriefing" default="true" comment="Update the briefing objective step when the objective is updated" />
        
        <!-- RML Parameters -->
        <param name="ShipType" comment="The type of ship that the player must ask to patrol the area." />
        <param name="Area" default="null" comment="The area of space to be patrolled (zone / sector). Must be passed to library if $Station is not." />
        <param name="Station" default="null" comment="The station to be protected. Must be passed to library if $Area is not." />
        <param name="Time" comment="The amount of time for which the player NPCs must patrol the area." />
        
        <!-- Debug Parameters -->
        <param name="FeedbackValue" default="0" comment="Should not be 0 by the end of the RML. If so, there has been an undefined error." />
        <param name="ErrorList" default="[]" comment="The list of errors for this RML." />
        <param name="DebugChance" default="0" />
      </params>
      <actions>
        <do_if value="not $MissionCue">
          <append_to_list name="$ErrorList" exact="-101" />
        </do_if>

        <do_if value="not $EndSignalCue">
          <append_to_list name="$ErrorList" exact="-102" />
        </do_if>

        <do_if value="not $ShipType">
          <append_to_list name="$ErrorList" exact="-103" />
        </do_if>

        <do_if value="$Area" exact="null">
          <do_if value="$Station" exact="null">
          <append_to_list name="$ErrorList" exact="-104" />
          </do_if>
        </do_if>

        <do_if value="not $Time">
          <append_to_list name="$ErrorList" exact="-105" />
        </do_if>
      </actions>
      <cues>
        <cue name="SignalCleanUp" onfail="cancel">
          <conditions>
            <check_value value="$ErrorList.count" min="1" />
          </conditions>
          <actions>
            <signal_cue cue="CleanUp" />
          </actions>
        </cue>

        <cue name="StartMission" onfail="cancel">
          <conditions>
            <check_value value="$ErrorList.count" max="0" />
          </conditions>
          <actions>
            <debug_text text="'RML_Player_NPC_Patrol: Mission starting.'" chance="$DebugChance" />

            <set_value name="$Patrol_Begin" exact="false" />
            <set_value name="$Warning_Given" exact="false" />
            <set_value name="$Total_Patrol_Time" exact="0" />
            <set_value name="$Total_Fail_Time" exact="0" />
          </actions>
          <cues>
            <cue name="CheckForPlayerNpcActivity" instantiate="true" checkinterval="10s">
              <actions>
                <!-- Look for ships in the space to be patrolled. -->
                <do_if value="$Area">
                  <find_ship name="$Player_NPC_Ships" space="$Area" class="$ShipType" primarypurpose="purpose.fight" multiple="true" />
                </do_if>
                <do_elseif value="$Station">
                  <find_ship name="$Player_NPC_Ships" space="$Station.sector" class="$ShipType" primarypurpose="purpose.fight" multiple="true">
                    <match_distance object="$Station" max="$Station.zone.size" />
                  </find_ship>
                </do_elseif>

                <do_if value="$Player_NPC_Ships.count" min="1">
                  <set_value name="$Player_Activity" exact="true" />
                </do_if>
                <do_else>
                  <set_value name="$Player_Activity" exact="false" />
                </do_else>
              </actions>
              <cues>
                <cue name="Player_Activity" onfail="cancel">
                  <conditions>
                    <check_value value="$Player_Activity" exact="true" />
                  </conditions>
                  <actions>
                    <debug_text text="'RML_Player_NPC_Patrol: Player NPC activity dectected.'" chance="$DebugChance" />
                    
                    <!-- If the player has not already begun their patrol, they have now. -->
                    <do_if value="$Patrol_Begin" exact="false">
                      <set_value name="$Patrol_Begin" exact="true" />
                    </do_if>
                    
                    <!-- Add to the total time the player NPC has been patrolling -->
                    <set_value name="$Total_Patrol_Time" operation="add" exact="10" />
                    <do_if value="$Total_Patrol_Time" min="$Time">
                      <signal_cue cue="MissionSuccess" />
                    </do_if>
                  </actions>
                </cue>

                <cue name="No_Player_Activity" onfail="cancel">
                  <conditions>
                    <check_value value="$Player_Activity" exact="false" />
                  </conditions>
                  <actions>
                    <debug_text text="'RML_Player_NPC_Patrol: No player NPC activity dectected.'" chance="$DebugChance" />

                    <do_if value="$Patrol_Begin" exact="true">
                      <!-- If the patrol has begun, there is a chance that the player NPC is leaving the area -->
                      <set_value name="$Total_Fail_Time" operation="add" exact="10s" />
                      <do_if value="$Total_Fail_Time" min="50s">
                        <signal_cue cue="MissionFailure" />
                      </do_if>
                    </do_if>
                    <!-- If the patrol has not begun, then there is nothing else to do here -->
                  </actions>
                </cue>

                <cue name="MissionSuccess">
                  <conditions>
                    <event_cue_signalled />
                  </conditions>
                  <actions>
                    <debug_text text="'RML_Player_NPC_Patrol: Player NPC has successed in patrolling the area for ' + $Time + ' seconds.'" chance="$DebugChance" />

                    <set_value name="$FeedbackValue" exact="1" />
                    <signal_cue cue="CleanUp" />
                  </actions>
                </cue>

                <cue name="MissionFailure">
                  <conditions>
                    <event_cue_signalled />
                  </conditions>
                  <actions>
                    <debug_text text="'RML_Player_NPC_Patrol: Player NPC has failed to patrol area for ' + $Time + ' seconds.'" chance="$DebugChance" />

                    <set_value name="$FeedbackValue" exact="-1" />
                    <signal_cue cue="CleanUp" />
                  </actions>
                </cue>
              </cues>
            </cue>           
          </cues>
        </cue>

        <cue name="CleanUp">
          <conditions>
            <event_cue_signalled />
          </conditions>
          <actions>
            <debug_text text="'RML_Player_NPC_Patrol: Cleaning up...'" chance="$DebugChance" />

            <do_if value="$FeedbackValue" exact="0">
              <do_if value="$ErrorList.count" exact="0">
                <debug_text text="'RML_Player_NPC_Patrol: $FeedbackValue is 0 and there are no reported errors. Defaulting to $FeedbackValue -100.'" chance="$DebugChance" />
                <set_value name="$FeedbackValue" exact="-100" />
              </do_if>
              <do_else>
                <set_value name="$FeedbackValue" exact="$ErrorList.{1}" />

                <do_if value="md.$RML_Debugging">
                  <do_all exact="$ErrorList.count" counter="$Counter">
                    <do_if value="$ErrorList.{$Counter}" exact="-105">
                      <set_value name="$FeedbackText" exact="'No $Time was defined.'" />
                    </do_if>
                    <do_elseif value="$ErrorList.{$Counter}" exact="-104">
                      <set_value name="$FeedbackText" exact="'Neither an $Area nor a $Station were defined.'" />
                    </do_elseif>
                    <do_elseif value="$ErrorList.{$Counter}" exact="-103">
                      <set_value name="$FeedbackText" exact="'No $ShipType was defined.'" />
                    </do_elseif>
                    <do_elseif value="$ErrorList.{$Counter}" exact="-102">
                      <set_value name="$FeedbackText" exact="'EndSignalCue was not defined.'" />
                    </do_elseif>
                    <do_elseif value="$ErrorList.{$Counter}" exact="-101">
                      <set_value name="$FeedbackText" exact="'Mission cue was not defined.'" />
                    </do_elseif>
                    <do_else>
                      <set_value name="$FeedbackText" exact="'Undefined error. Defaulting to -100.'" />
                    </do_else>

                    <debug_text text="'RML_Player_NPC_Patrol: Mission error. $FeedbackValue: ' + $ErrorList.{$Counter} + ' - ' + $FeedbackText" chance="$DebugChance" />
                  </do_all>
                </do_if>
              </do_else>
            </do_if>
            <do_else>

              <do_if value="$FeedbackValue" exact="1">
                <set_value name="$FeedbackText" exact="'Player NPCs successfully patrolled area for correct amount of time.'" />
              </do_if>
                <do_if value="$FeedbackValue" exact="-1">
                  <set_value name="$FeedbackText" exact="{30004,6091}" comment="'Player NPCs left area before patrol time was up.'" />
                </do_if>

              <do_if value="$FeedbackValue" min="1">
                <debug_text text="'RML_Player_NPC_Patrol: Mission successful. $FeedbackValue: ' + $FeedbackValue + ' - ' + $FeedbackText" chance="md.$RML_Debugging * $DebugChance"/>
              </do_if>
              <do_elseif value="@$FeedbackText">
                <set_value name="$EndSignalCue.$EndFeedbackText" exact="$FeedbackText"/>
                <debug_text text="'RML_Player_NPC_Patrol: Mission failed. $FeedbackValue: ' + $FeedbackValue + ' - ' + $FeedbackText" chance="md.$RML_Debugging * $DebugChance"/>
              </do_elseif>
              <do_else>
                <debug_text text="'WARNING: Unhandled feedback value ' + $feedbackvalue" chance="$DebugChance"/>
              </do_else>

            </do_else>

            <do_if value="$EndSignalCue" exact="null" negate="true">
              <set_value name="$EndSignalCue.$EndFeedbackValue" exact="$FeedbackValue" />
              <signal_cue cue="$EndSignalCue" />
            </do_if>
            <cancel_cue cue="PlayerNpcPatrol" />
          </actions>
        </cue>
      </cues>
    </library>
  </cues>
</mdscript>